Отметка времени,Укажите ваш возраст,Укажите ваш пол,Укажите свой основной род деятельности,Укажите свой основной источник дохода,Какой в среднем размер вашего дохода?,Чем вы увлекаетесь в свободное время (выберите до 3 вариантов),Выберите 3 самые часто используемые соцсети ,Оцените свое экранное время,Назовите 3-5 ваших любимых блогеров/инфлюенсеров,У вас есть собственная банковская карта?,"Отметьте банки, клиентом которых вы являетесь?",Каким банком вы пользуетесь для большинства платежей?,Почему именно этот банк?,Оформляли ли вы за последние 3 года карту другого банка?,Почему вы оформили карту другого банка?,Пользуетесь ли вы сейчас этой картой или картами?,Удобное и быстрое приложение,Удобное расположение офиса банка в городе,Надежность и известность банка,"Выгодные продукты (кредиты, вклады, накопительные счета)",Бесплатное обслуживание,Выгодный кэшбэк и бонусы,"Экосистема, ценности, бренд банка",Что вас больше всего раздражает в банковских приложениях (до 3 вариантов),"Полноценное интервью 

Если вы не против оставить свой контакт и подробнее поделиться опытом и проблемами, связанными с банками, вы можете оставить любой свой ник в тг или номер телефона (в графе ""другое"")

Мы созвонимся с вами и попросим ответить на несколько вопросов, это займет примерно 15-20 минут 

Все ваши ответы будут сохранены анонимно, вы очень нам поможете!"
16.07.2025 2:09:55,21-22 года,Женский,Совмещаю учебу с работой,Подработка/фриланс,20-50к,"Видеоигры, Просмотр сериалов / кино / YouTube, Спорт и фитнес","Telegram, Instagram, TikTok",7,,Да,"СБЕР, Т-банк, Альфа банк, ВТБ",СБЕР,"Удобный интерфейс, Друзья и семья также пользуются этим банком, Просто привык(ла), Зарплатный счет",Да,"Привлек кэшбек, системы лояльности, бонусы","Да, но довольно редко",5,1,4,2,3,3,2,"Навязчивая реклама и уведомления, Неудобное использование и перегруженное приложение","Нет, спасибо"
16.07.2025 2:21:52,21-22 года,Мужской,Учусь в университете,Постоянная работа,20-50к,"Просмотр сериалов / кино / YouTube, Музыка (игра на инструменте, пение,  прослушивание музыки), Спорт и фитнес","Telegram, TikTok, Discord",10,,Да,"СБЕР, Т-банк, Альфа банк, ВТБ",ВТБ банк,"Друзья и семья также пользуются этим банком, Зарплатный счет, У банка классные акции и кэшбек, Выгодные тарифы и обслуживание",Да,"Привлекли дополнительные продукты, экосистема банка","Да, но довольно редко",5,2,5,5,4,4,4,"Неудобное использование и перегруженное приложение, Медленная работа, глюки, Плохая служба поддержки (роботы, долгое ожидание)","Нет, спасибо"
16.07.2025 2:29:03,21-22 года,Мужской,Учусь в университете,Доход от родителей/родственников,10-20к,"Видеоигры, Музыка (игра на инструменте, пение,  прослушивание музыки), Общение с друзьями","Telegram, YouTube, Discord",10,,Да,СБЕР,СБЕР,Просто привык(ла),Нет,,,5,1,5,5,5,4,4,"Навязчивая реклама и уведомления, Неудобное использование и перегруженное приложение, Медленная работа, глюки","Нет, спасибо"
16.07.2025 2:30:05,19-20 лет,Женский,Учусь в университете,Доход от родителей/родственников,50-80к,"Видеоигры, Просмотр сериалов / кино / YouTube, Короткие видео (TikTok, Instagram Reels, YouTube Shorts)","Telegram, Instagram, TikTok",9,,Да,"СБЕР, Т-банк, Яндекс банк",СБЕР,"Удобный интерфейс, Просто привык(ла)",Да,"Привлек кэшбек, системы лояльности, бонусы","Да, но довольно редко",5,3,4,2,5,3,2,"Навязчивая реклама и уведомления, Неудобное использование и перегруженное приложение, Медленная работа, глюки","Нет, спасибо"
16.07.2025 2:31:39,21-22 года,Мужской,Учусь в университете,Подработка/фриланс,20-50к,"Видеоигры, Общение с друзьями, Волотнерство, социальная активность","Telegram, YouTube, Discord",5,,Да,"СБЕР, Т-банк, Альфа банк",Т-банк,Просто привык(ла),Да,"Обязали на учебе / работе (стипендиальная, зарплатная карта)",Очень редко,4,1,4,5,4,5,3,"Навязчивая реклама и уведомления, Медленная работа, глюки",@player05050
16.07.2025 2:48:42,21-22 года,Мужской,Совмещаю учебу с работой,Постоянная работа,120к+,"Видеоигры, Просмотр сериалов / кино / YouTube, Общение с друзьями","VK, YouTube, Twitch",10,"Stray228, Сиега Головач, Silvername",Да,"СБЕР, Т-банк, Альфа банк",Т-банк,"Удобный интерфейс, Зарплатный счет, У банка классные акции и кэшбек, Удобная экосистема банка, Выгодные тарифы и обслуживание",Да,"Привлекли дополнительные продукты, экосистема банка","Да, часто для определенных покупок и операций",5,2,5,2,2,4,3,"Навязчивая реклама и уведомления, Медленная работа, глюки","Нет, спасибо"
16.07.2025 3:11:15,21-22 года,Женский,Совмещаю учебу с работой,Доход от родителей/родственников,20-50к,"Просмотр сериалов / кино / YouTube, Короткие видео (TikTok, Instagram Reels, YouTube Shorts), Творчество","Telegram, TikTok, YouTube",6,,Да,"СБЕР, Т-банк, Альфа банк, ВТБ, ozon",СБЕР,Просто привык(ла),Да,"Привлек кэшбек, системы лояльности, бонусы",Очень редко,4,3,5,5,4,4,2,"Навязчивая реклама и уведомления, Неудобное использование и перегруженное приложение, Медленная работа, глюки","Нет, спасибо"
16.07.2025 3:33:58,21-22 года,Мужской,Учусь в университете,Подработка/фриланс,10-20к,"Музыка (игра на инструменте, пение,  прослушивание музыки), Чтение, Самообразование, курсы","Telegram, VK, Instagram",10,"Куплинов, правое полушарие интроверта, Максим Кац ",Да,"СБЕР, Т-банк, Яндекс банк, Газпромбанк",Т-банк,Выгодные тарифы и обслуживание,Нет,,,4,1,5,5,5,5,4,Навязчивая реклама и уведомления,"Нет, спасибо"
16.07.2025 3:52:39,14-15 лет,Мужской,Учусь в школе,Доход от родителей/родственников,10-20к,"Видеоигры, Музыка (игра на инструменте, пение,  прослушивание музыки), Общение с друзьями","Telegram, YouTube, Discord",10,"EZ25, Bitochek, Red.",Да,"СБЕР, Т-банк, Альфа банк",Т-банк,"Удобный интерфейс, Просто привык(ла)",Да,по фану,Не пользуюсь,5,2,4,1,3,2,1,"Навязчивая реклама и уведомления, Неудобное использование и перегруженное приложение, Медленная работа, глюки","Нет, спасибо"
16.07.2025 5:43:48,21-22 года,Мужской,Учусь в университете,Доход от родителей/родственников,50-80к,"Просмотр сериалов / кино / YouTube, Самообразование, курсы","Telegram, TikTok, WhatsApp",8,,Да,"СБЕР, Т-банк, Альфа банк, Яндекс банк, Газпромбанк, Россельхозбанк, Райффайзен банк",Т-банк,"Удобный интерфейс, Друзья и семья также пользуются этим банком, Просто привык(ла), У банка классные акции и кэшбек, Удобная экосистема банка, Выгодные тарифы и обслуживание",Да,"Привлек кэшбек, системы лояльности, бонусы","Да, но довольно редко",5,2,2,5,3,4,5,"Неудобное использование и перегруженное приложение, Медленная работа, глюки, Плохая служба поддержки (роботы, долгое ожидание)","Нет, спасибо"
16.07.2025 5:48:22,19-20 лет,Женский,Учусь в университете,Стипендия,1-5к,"Просмотр сериалов / кино / YouTube, Музыка (игра на инструменте, пение,  прослушивание музыки), Короткие видео (TikTok, Instagram Reels, YouTube Shorts)","Telegram, TikTok, YouTube",10,"Сатир, Слава КПСС, Бустер",Да,"СБЕР, ВТБ",ВТБ банк,Выгодные тарифы и обслуживание,Да,"Обязали на учебе / работе (стипендиальная, зарплатная карта)","Да, часто для определенных покупок и операций",5,4,5,5,4,5,3,"Неудобное использование и перегруженное приложение, Медленная работа, глюки","Нет, спасибо"
16.07.2025 6:26:36,17-18 лет,Женский,Совмещаю учебу с работой,Подработка/фриланс,10-20к,"Просмотр сериалов / кино / YouTube, Музыка (игра на инструменте, пение,  прослушивание музыки), Общение с друзьями","Telegram, VK, Instagram",8,"Анастасиз,Брайн мапс ",Да,СБЕР,СБЕР,"Удобный интерфейс, Друзья и семья также пользуются этим банком, Просто привык(ла)",Нет,,,5,3,5,5,5,5,3,"Навязчивая реклама и уведомления, Медленная работа, глюки, Плохая служба поддержки (роботы, долгое ожидание)","Нет, спасибо"
16.07.2025 6:55:33,21-22 года,Женский,Совмещаю учебу с работой,Постоянная работа,20-50к,"Просмотр сериалов / кино / YouTube, Короткие видео (TikTok, Instagram Reels, YouTube Shorts), Самообразование, курсы","Telegram, VK, TikTok",4,,Да,"СБЕР, Альфа банк, ВТБ",СБЕР,"Удобный интерфейс, Друзья и семья также пользуются этим банком, Просто привык(ла), Зарплатный счет",Да,Привлекли выгодные тарифы по кредитам и вкладам,"Да, часто для определенных покупок и операций",5,3,5,5,3,4,3,"Неудобное использование и перегруженное приложение, Медленная работа, глюки, Плохая служба поддержки (роботы, долгое ожидание)","Нет, спасибо"
16.07.2025 7:08:59,19-20 лет,Мужской,Учусь в университете,Доход от родителей/родственников,10-20к,"Видеоигры, Просмотр сериалов / кино / YouTube, Короткие видео (TikTok, Instagram Reels, YouTube Shorts)","Telegram, TikTok, YouTube",5,,Да,"СБЕР, Альфа банк",СБЕР,"Удобный интерфейс, Друзья и семья также пользуются этим банком, Просто привык(ла)",Да,Для ФинУслуг требовался аккаунт в другом банке,Очень редко,5,4,3,5,5,2,1,Навязчивая реклама и уведомления,"Нет, спасибо"
16.07.2025 7:14:08,21-22 года,Женский,Учусь в университете,Доход от родителей/родственников,5-10к,"Просмотр сериалов / кино / YouTube, Общение с друзьями, Самообразование, курсы","Telegram, TikTok, YouTube",6,,Да,"Т-банк, ВТБ",Т-банк,"Удобный интерфейс, Удобная экосистема банка",Да,"Обязали на учебе / работе (стипендиальная, зарплатная карта)",Не пользуюсь,4,3,5,5,5,3,4,"Навязчивая реклама и уведомления, Медленная работа, глюки, Плохая служба поддержки (роботы, долгое ожидание)","Нет, спасибо"
16.07.2025 7:17:54,19-20 лет,Женский,Учусь в университете,Доход от родителей/родственников,5-10к,"Просмотр сериалов / кино / YouTube, Короткие видео (TikTok, Instagram Reels, YouTube Shorts), Общение с друзьями","Telegram, VK, TikTok",4,"Брайн Мапс, Сергей Лазарев, Антон Лапенко",Да,"СБЕР, Т-банк",СБЕР,Друзья и семья также пользуются этим банком,Нет,,,4,2,4,4,4,4,2,"Медленная работа, глюки, Плохая служба поддержки (роботы, долгое ожидание)","Нет, спасибо"
16.07.2025 7:24:09,19-20 лет,Женский,Совмещаю учебу с работой,Постоянная работа,20-50к,"Музыка (игра на инструменте, пение,  прослушивание музыки), Спорт и фитнес, Общение с друзьями","Telegram, VK, YouTube",5,"Дима Масленников, Мистер Бист, Импровизаторы",Да,СБЕР,СБЕР,"Просто привык(ла), Зарплатный счет, У банка классные акции и кэшбек",Нет,,,3,2,5,3,3,5,4,"Навязчивая реклама и уведомления, Медленная работа, глюки, Плохая служба поддержки (роботы, долгое ожидание)","Нет, спасибо"
16.07.2025 7:24:50,21-22 года,Женский,Учусь в университете,Доход от родителей/родственников,20-50к,"Просмотр сериалов / кино / YouTube, Музыка (игра на инструменте, пение,  прослушивание музыки), Спорт и фитнес","Telegram, Instagram, YouTube",6,"Dobochobo, Saranghoe, Daiz, Anastasiz, Lisav_",Да,"СБЕР, Т-банк, ВТБ",Т-банк,"Удобный интерфейс, Друзья и семья также пользуются этим банком, Просто привык(ла), У банка классные акции и кэшбек, Удобная экосистема банка",Нет,,,3,1,4,4,5,5,3,"Навязчивая реклама и уведомления, Неудобное использование и перегруженное приложение, Отсутствие интересных фишек, скука","Нет, спасибо"
16.07.2025 7:35:15,19-20 лет,Женский,Учусь в университете,Постоянная работа,10-20к,"Музыка (игра на инструменте, пение,  прослушивание музыки), Короткие видео (TikTok, Instagram Reels, YouTube Shorts), Общение с друзьями","Telegram, VK, YouTube",5,"Карина Мурашкина, Гоша Карцев, Саша Сулим",Да,"СБЕР, ВТБ",ВТБ банк,Зарплатный счет,Нет,,,4,1,5,3,5,4,2,"Неудобное использование и перегруженное приложение, Плохая служба поддержки (роботы, долгое ожидание)","Нет, спасибо"
16.07.2025 7:38:39,17-18 лет,Женский,Учусь в университете,Доход от родителей/родственников,10-20к,"Просмотр сериалов / кино / YouTube, Творчество, Чтение","Telegram, TikTok, YouTube",10,,Да,"СБЕР, Т-банк",Т-банк,"Удобный интерфейс, Просто привык(ла), У банка классные акции и кэшбек",Да,"Привлек кэшбек, системы лояльности, бонусы","Да, постоянно",5,1,5,5,4,5,4,Навязчивая реклама и уведомления,"Нет, спасибо"
16.07.2025 7:58:55,19-20 лет,Женский,Учусь в университете,Доход от родителей/родственников,20-50к,"Короткие видео (TikTok, Instagram Reels, YouTube Shorts), Чтение, Общение с друзьями","Telegram, VK, Instagram",7,"Файб, Топлес, Масленников, Анастасиз",Да,"СБЕР, Т-банк, Альфа банк",Т-банк,"Удобный интерфейс, У банка классные акции и кэшбек, Выгодные тарифы и обслуживание",Да,"Обязали на учебе / работе (стипендиальная, зарплатная карта)",Не пользуюсь,5,3,4,5,4,5,2,"Навязчивая реклама и уведомления, Медленная работа, глюки, Плохая служба поддержки (роботы, долгое ожидание)","Нет, спасибо"
16.07.2025 8:00:04,19-20 лет,Женский,Совмещаю учебу с работой,Доход от родителей/родственников,20-50к,"Просмотр сериалов / кино / YouTube, Короткие видео (TikTok, Instagram Reels, YouTube Shorts), Общение с друзьями","Telegram, Instagram, TikTok",6,,Да,"СБЕР, Т-банк",Т-банк,"Удобный интерфейс, У банка классные акции и кэшбек",Нет,,,4,1,5,3,4,4,3,Ничего не раздражает,"Нет, спасибо"
16.07.2025 8:01:57,19-20 лет,Мужской,Учусь в университете,Стипендия,5-10к,"Просмотр сериалов / кино / YouTube, Чтение, Общение с друзьями","Telegram, TikTok, YouTube",6,Нет таких,Да,"СБЕР, Т-банк, Альфа банк, ВТБ",Альфа банк,Просто привык(ла),Да,"Привлек кэшбек, системы лояльности, бонусы","Да, постоянно",5,1,5,5,4,4,4,"Навязчивая реклама и уведомления, Неудобное использование и перегруженное приложение, Медленная работа, глюки","Нет, спасибо"
16.07.2025 8:05:31,19-20 лет,Женский,Совмещаю учебу с работой,Постоянная работа,80-120к,"Видеоигры, Просмотр сериалов / кино / YouTube, Творчество","Telegram, Instagram, YouTube",4,,Да,"СБЕР, Т-банк, Альфа банк",Т-банк,"Удобный интерфейс, Просто привык(ла), Удобная экосистема банка",Да,"Привлек кэшбек, системы лояльности, бонусы","Да, часто для определенных покупок и операций",5,3,5,5,3,4,4,Ничего не раздражает,"Нет, спасибо"
16.07.2025 8:40:29,19-20 лет,Женский,Совмещаю учебу с работой,Подработка/фриланс,20-50к,"Просмотр сериалов / кино / YouTube, Короткие видео (TikTok, Instagram Reels, YouTube Shorts), Творчество","Telegram, VK, Instagram",4,"элина жгенти, гоар аветисян",Да,"Т-банк, Яндекс банк, ВТБ",Т-банк,"Друзья и семья также пользуются этим банком, Просто привык(ла), У банка классные акции и кэшбек, Удобная экосистема банка, Выгодные тарифы и обслуживание",Да,"Обязали на учебе / работе (стипендиальная, зарплатная карта)","Да, постоянно",5,4,5,4,5,5,5,"Навязчивая реклама и уведомления, Неудобное использование и перегруженное приложение, Плохая служба поддержки (роботы, долгое ожидание)","Нет, спасибо"
16.07.2025 8:40:54,19-20 лет,Мужской,Учусь в университете,Доход от родителей/родственников,10-20к,"Просмотр сериалов / кино / YouTube, Спорт и фитнес, Творчество","Telegram, TikTok, YouTube",5,,Да,"СБЕР, Газпромбанк",СБЕР,"Удобный интерфейс, Просто привык(ла)",Да,"Обязали на учебе / работе (стипендиальная, зарплатная карта)",Не пользуюсь,5,4,5,3,5,4,4,"Неудобное использование и перегруженное приложение, Медленная работа, глюки, Плохая служба поддержки (роботы, долгое ожидание)","Нет, спасибо"
16.07.2025 8:45:55,19-20 лет,Женский,Совмещаю учебу с работой,Доход от родителей/родственников,20-50к,"Просмотр сериалов / кино / YouTube, Общение с друзьями, Самообразование, курсы","Telegram, VK, YouTube",4,"Саша Казанцева, Лиза Мадрид, Алиса Бурмистрова",Да,"СБЕР, Т-банк, Альфа банк",СБЕР,"Друзья и семья также пользуются этим банком, Просто привык(ла)",Да,"Обязали на учебе / работе (стипендиальная, зарплатная карта)","Да, часто для определенных покупок и операций",4,1,4,4,3,4,3,"Навязчивая реклама и уведомления, Медленная работа, глюки, Отсутствие интересных фишек, скука","Нет, спасибо"
16.07.2025 8:49:12,19-20 лет,Женский,Совмещаю учебу с работой,Доход от родителей/родственников,5-10к,"Просмотр сериалов / кино / YouTube, Короткие видео (TikTok, Instagram Reels, YouTube Shorts), Общение с друзьями","Telegram, VK, Instagram",5,"Дима Масленников, Ольга Парфенюк, Олеся Иванченко ",Да,"СБЕР, Альфа банк, Яндекс банк",Альфа банк,"Зарплатный счет, У банка классные акции и кэшбек",Да,"Привлекли дополнительные продукты, экосистема банка","Да, но довольно редко",4,3,5,5,5,5,3,"Медленная работа, глюки, Плохая служба поддержки (роботы, долгое ожидание)","Нет, спасибо"
16.07.2025 8:59:46,19-20 лет,Женский,Совмещаю учебу с работой,Подработка/фриланс,10-20к,"Музыка (игра на инструменте, пение,  прослушивание музыки), Короткие видео (TikTok, Instagram Reels, YouTube Shorts), Общение с друзьями","Telegram, VK, YouTube",6,,Да,"СБЕР, Т-банк",Т-банк,"Удобный интерфейс, У банка классные акции и кэшбек, Выгодные тарифы и обслуживание",Да,"Обязали на учебе / работе (стипендиальная, зарплатная карта)",Очень редко,5,2,5,4,4,5,3,Ничего не раздражает,"Нет, спасибо"
16.07.2025 9:34:52,17-18 лет,Женский,Учусь в университете,Доход от родителей/родственников,20-50к,"Музыка (игра на инструменте, пение,  прослушивание музыки), Творчество, Чтение","Telegram, TikTok, YouTube",7,,Да,Т-банк,СБЕР,"Друзья и семья также пользуются этим банком, Зарплатный счет",Нет,,,3,4,4,2,4,3,1,"Навязчивая реклама и уведомления, Медленная работа, глюки, Плохая служба поддержки (роботы, долгое ожидание)","Нет, спасибо"
16.07.2025 9:43:14,21-22 года,Мужской,Учусь в университете,Постоянная работа,50-80к,"Просмотр сериалов / кино / YouTube, Музыка (игра на инструменте, пение,  прослушивание музыки), Общение с друзьями",Telegram,3,"Просто глеб, глеб соломин, vsause, veritasium",Да,"СБЕР, Т-банк, Альфа банк, ВТБ",Т-банк,"Удобный интерфейс, Просто привык(ла)",Да,"Привлек кэшбек, системы лояльности, бонусы",Не пользуюсь,5,2,5,5,3,5,1,"Неудобное использование и перегруженное приложение, Медленная работа, глюки, Плохая служба поддержки (роботы, долгое ожидание)","Нет, спасибо"
16.07.2025 9:49:36,19-20 лет,Женский,Совмещаю учебу с работой,Постоянная работа,10-20к,"Просмотр сериалов / кино / YouTube, Музыка (игра на инструменте, пение,  прослушивание музыки), Творчество","Telegram, YouTube, Pinterest",9,"YouTube: Eva Meloche 
Pinterest/Instagram: Lotta Stichler
Телеграм: Алина Герман",Да,"СБЕР, ВТБ",ВТБ банк,"Зарплатный счет, У банка классные акции и кэшбек",Нет,,,4,4,5,5,5,4,4,"Неудобное использование и перегруженное приложение, Медленная работа, глюки",
16.07.2025 9:50:41,19-20 лет,Женский,Совмещаю учебу с работой,Подработка/фриланс,20-50к,"Просмотр сериалов / кино / YouTube, Короткие видео (TikTok, Instagram Reels, YouTube Shorts), Общение с друзьями","Telegram, VK, Instagram",8,,Да,"СБЕР, Т-банк, Альфа банк, ВТБ",Альфа банк,"Просто привык(ла), У банка классные акции и кэшбек, Удобная экосистема банка",Да,"Привлек кэшбек, системы лояльности, бонусы","Да, постоянно",4,1,2,3,5,5,5,"Плохая служба поддержки (роботы, долгое ожидание), Отсутствие интересных фишек, скука","Нет, спасибо"
16.07.2025 9:53:48,19-20 лет,Женский,Учусь в университете,Доход от родителей/родственников,10-20к,"Музыка (игра на инструменте, пение,  прослушивание музыки), Короткие видео (TikTok, Instagram Reels, YouTube Shorts), Творчество","Telegram, Instagram, TikTok",5,"лиза мадрид, катя клэп, илья белов",Да,СБЕР,СБЕР,Просто привык(ла),Да,Хотел(а) перейти на другой банк,Не пользуюсь,5,3,5,5,4,4,4,"Медленная работа, глюки, Отсутствие интересных фишек, скука","Нет, спасибо"
16.07.2025 10:12:00,17-18 лет,Женский,Учусь в университете,Подработка/фриланс,10-20к,"Просмотр сериалов / кино / YouTube, Музыка (игра на инструменте, пение,  прослушивание музыки), Короткие видео (TikTok, Instagram Reels, YouTube Shorts)","Telegram, Instagram, TikTok",8,,Да,"СБЕР, Т-банк",СБЕР,"Просто привык(ла), Удобная экосистема банка",Да,"Привлек кэшбек, системы лояльности, бонусы","Да, но довольно редко",5,4,5,5,5,5,5,"Навязчивая реклама и уведомления, Медленная работа, глюки, Плохая служба поддержки (роботы, долгое ожидание)","Нет, спасибо"
16.07.2025 10:21:47,19-20 лет,Женский,Учусь в университете,Доход от родителей/родственников,10-20к,"Видеоигры, Музыка (игра на инструменте, пение,  прослушивание музыки), Короткие видео (TikTok, Instagram Reels, YouTube Shorts)","Telegram, TikTok, Twitch",8,"Олёша, Txao, Сибирский, SHIZ; (Дробышевский мой любимый инфлюенсер)",Да,"СБЕР, Т-банк, Альфа банк, ВТБ",Т-банк,"Удобный интерфейс, Просто привык(ла), У банка классные акции и кэшбек",Да,"Привлек кэшбек, системы лояльности, бонусы",Не пользуюсь,5,1,5,5,5,5,4,"Неудобное использование и перегруженное приложение, Медленная работа, глюки, Плохая служба поддержки (роботы, долгое ожидание)","Нет, спасибо"
16.07.2025 10:25:46,19-20 лет,Женский,Совмещаю учебу с работой,Доход от родителей/родственников,20-50к,"Короткие видео (TikTok, Instagram Reels, YouTube Shorts), Спорт и фитнес, Общение с друзьями","Telegram, VK, TikTok",10,-,Да,"СБЕР, Т-банк, Альфа банк, Яндекс банк, ВТБ",Т-банк,"Удобный интерфейс, Просто привык(ла), У банка классные акции и кэшбек, Удобная экосистема банка, Выгодные тарифы и обслуживание",Да,Привлекли выгодные тарифы по кредитам и вкладам,"Да, часто для определенных покупок и операций",5,3,5,4,4,4,3,"Навязчивая реклама и уведомления, Плохая служба поддержки (роботы, долгое ожидание)","Нет, спасибо"
16.07.2025 10:35:17,21-22 года,Женский,Учусь в университете,Доход от родителей/родственников,5-10к,"Просмотр сериалов / кино / YouTube, Спорт и фитнес, Чтение","Telegram, Instagram, YouTube",2,,Да,"Альфа банк, Газпромбанк, Райффайзен банк, ВТБ",ВТБ банк,"Удобный интерфейс, Просто привык(ла)",Да,"Привлек кэшбек, системы лояльности, бонусы",Очень редко,4,2,4,5,4,5,1,"Неудобное использование и перегруженное приложение, Плохая служба поддержки (роботы, долгое ожидание)","Нет, спасибо"
16.07.2025 10:47:29,19-20 лет,Женский,Учусь в университете,Доход от родителей/родственников,5-10к,"Просмотр сериалов / кино / YouTube, Музыка (игра на инструменте, пение,  прослушивание музыки), Творчество","Telegram, VK, TikTok",7,"Раньше смотрела Влада Бумагу, сейчас не интересуюсь блогерами и ""высшим светом""",Да,СБЕР,СБЕР,"Друзья и семья также пользуются этим банком, Просто привык(ла)",Нет,,,1,2,5,5,3,3,3,"Навязчивая реклама и уведомления, Ничего не раздражает","Нет, спасибо"
16.07.2025 10:49:29,21-22 года,Женский,Учусь в университете,Доход от родителей/родственников,20-50к,"Спорт и фитнес, Чтение, Общение с друзьями","Telegram, VK, WhatsApp",5,,Да,"СБЕР, Т-банк, ВТБ",Т-банк,"Удобный интерфейс, Просто привык(ла), У банка классные акции и кэшбек",Нет,,,5,1,5,3,5,5,3,"Навязчивая реклама и уведомления, Медленная работа, глюки","Нет, спасибо"
16.07.2025 10:50:04,19-20 лет,Женский,Учусь в университете,Доход от родителей/родственников,1-5к,"Короткие видео (TikTok, Instagram Reels, YouTube Shorts), Спорт и фитнес, Чтение","Telegram, Instagram, TikTok",6,"виктория салават, мария миногарова, мария руткис",Да,"СБЕР, Т-банк",Т-банк,"Удобный интерфейс, Просто привык(ла), У банка классные акции и кэшбек, Удобная экосистема банка",Да,помочь друзьям закрыть план по оформлению карт,Не пользуюсь,5,3,5,4,5,5,5,"Неудобное использование и перегруженное приложение, Медленная работа, глюки, Плохая служба поддержки (роботы, долгое ожидание)","Нет, спасибо"
16.07.2025 10:51:30,19-20 лет,Женский,Совмещаю учебу с работой,Доход от родителей/родственников,20-50к,"Просмотр сериалов / кино / YouTube, Короткие видео (TikTok, Instagram Reels, YouTube Shorts), Спорт и фитнес","Telegram, Instagram, YouTube",6,"Ната Анарбаева, Арина Рыкова, Алексей Щербаков, Алексей Павликов, a.kotskaya, Оксана Самойлова",Да,"СБЕР, Т-банк, Альфа банк, ВТБ, OZON Банк ",Т-банк,"Удобный интерфейс, Друзья и семья также пользуются этим банком, Просто привык(ла), У банка классные акции и кэшбек, Удобная экосистема банка, Выгодные тарифы и обслуживание",Да,"Больше карт - больше разных кешбэков, стипендия приходит на другую карту","Да, постоянно",5,3,5,5,5,4,4,"Неудобное использование и перегруженное приложение, Медленная работа, глюки, Плохая служба поддержки (роботы, долгое ожидание)","Нет, спасибо"
16.07.2025 10:52:34,19-20 лет,Мужской,Учусь в университете,Доход от родителей/родственников,20-50к,"Видеоигры, Просмотр сериалов / кино / YouTube, Короткие видео (TikTok, Instagram Reels, YouTube Shorts)","Telegram, TikTok, YouTube",10,"Lololoshka, Kuplinov, BrianMaps, Anastasiz",Да,"СБЕР, Альфа банк, Россельхозбанк, ВТБ",Альфа банк,"У банка классные акции и кэшбек, Удобная экосистема банка, Выгодные тарифы и обслуживание",Да,нужна была UnionPay,"Да, но довольно редко",3,1,5,4,5,5,1,"Навязчивая реклама и уведомления, Медленная работа, глюки, Отсутствие интересных фишек, скука","Нет, спасибо"
16.07.2025 10:54:18,19-20 лет,Женский,Совмещаю учебу с работой,Постоянная работа,10-20к,"Просмотр сериалов / кино / YouTube, Музыка (игра на инструменте, пение,  прослушивание музыки), Короткие видео (TikTok, Instagram Reels, YouTube Shorts)","Telegram, VK, YouTube",10,,Да,"СБЕР, Т-банк, ВТБ",Т-банк,"Удобный интерфейс, У банка классные акции и кэшбек, Удобная экосистема банка",Да,"Привлек кэшбек, системы лояльности, бонусы","Да, постоянно",5,3,5,4,5,4,4,"Медленная работа, глюки, Плохая служба поддержки (роботы, долгое ожидание)","Нет, спасибо"
16.07.2025 10:55:02,19-20 лет,Женский,Совмещаю учебу с работой,Подработка/фриланс,10-20к,"Просмотр сериалов / кино / YouTube, Короткие видео (TikTok, Instagram Reels, YouTube Shorts), Спорт и фитнес","Telegram, VK, Instagram",7,,Да,"СБЕР, Т-банк",Т-банк,"Удобный интерфейс, Просто привык(ла), У банка классные акции и кэшбек",Нет,,,5,4,5,5,5,5,5,"Неудобное использование и перегруженное приложение, Медленная работа, глюки, Плохая служба поддержки (роботы, долгое ожидание)","Нет, спасибо"
16.07.2025 11:03:46,17-18 лет,Женский,Учусь в коллеже/техникуме,Доход от родителей/родственников,5-10к,"Творчество, Чтение, Общение с друзьями","Telegram, Instagram, TikTok",5,,Да,Т-банк,Т-банк,"Удобный интерфейс, Просто привык(ла), Зарплатный счет, У банка классные акции и кэшбек",Да,"Обязали на учебе / работе (стипендиальная, зарплатная карта)",Не пользуюсь,5,3,5,5,5,5,4,"Навязчивая реклама и уведомления, Медленная работа, глюки","Нет, спасибо"
16.07.2025 11:04:24,19-20 лет,Женский,Учусь в университете,Доход от родителей/родственников,50-80к,"Спорт и фитнес, Чтение, Самообразование, курсы","Telegram, Instagram, TikTok",5,inst: evkasup; annielavitte; arina.naspo; sofa.rsd,Да,"СБЕР, Т-банк, Яндекс банк",СБЕР,"Удобный интерфейс, Друзья и семья также пользуются этим банком, Просто привык(ла)",Нет,,,4,3,5,4,3,4,3,"Навязчивая реклама и уведомления, Медленная работа, глюки, Плохая служба поддержки (роботы, долгое ожидание)","Нет, спасибо"
16.07.2025 11:18:46,14-15 лет,Мужской,Учусь в школе,Доход от родителей/родственников,10-20к,"Видеоигры, Музыка (игра на инструменте, пение,  прослушивание музыки), Самообразование, курсы","Telegram, VK, TikTok",4,,Да,"СБЕР, Альфа банк",Альфа банк,"У банка классные акции и кэшбек, Выгодные тарифы и обслуживание",Нет,,,4,5,5,4,4,3,5,Ничего не раздражает,"Нет, спасибо"
16.07.2025 11:26:36,21-22 года,Мужской,Учусь в университете,Доход от родителей/родственников,20-50к,"Видеоигры, Музыка (игра на инструменте, пение,  прослушивание музыки), Самообразование, курсы","Telegram, VK, WhatsApp",6,,Да,"СБЕР, Альфа банк, Яндекс банк, ВТБ",СБЕР,"Выгодные тарифы и обслуживание, Кредитка на хороших условиях",Да,"Привлек кэшбек, системы лояльности, бонусы","Да, но довольно редко",5,3,5,5,4,3,2,"Навязчивая реклама и уведомления, Неудобное использование и перегруженное приложение, Медленная работа, глюки",
16.07.2025 11:30:31,14-15 лет,Мужской,Учусь в школе,Доход от родителей/родственников,120к+,Видеоигры,YouTube,10,,Да,Альфа банк,Альфа банк,Удобный интерфейс,Да,Привлекли выгодные тарифы по кредитам и вкладам,"Да, постоянно",5,5,5,5,5,5,5,"Медленная работа, глюки","Нет, спасибо"
16.07.2025 11:31:11,19-20 лет,Женский,Учусь в университете,Доход от родителей/родственников,20-50к,"Просмотр сериалов / кино / YouTube, Творчество, Общение с друзьями","Telegram, VK, YouTube",7,-,Да,СБЕР,СБЕР,Просто привык(ла),Нет,,,5,5,5,4,4,4,3,"Навязчивая реклама и уведомления, Медленная работа, глюки, Плохая служба поддержки (роботы, долгое ожидание)","Нет, спасибо"
16.07.2025 11:31:15,до 14 лет,Мужской,Учусь в школе,работа 2 дня в неделю,10-20к,"Музыка (игра на инструменте, пение,  прослушивание музыки), Спорт и фитнес, сплю ",WhatsApp,3,-,Да,Т-банк,Т-банк,"Удобный интерфейс, Просто привык(ла)",Нет,,,5,4,5,4,4,4,5,Ничего не раздражает,
16.07.2025 11:42:12,19-20 лет,Женский,Совмещаю учебу с работой,Подработка/фриланс,10-20к,"Короткие видео (TikTok, Instagram Reels, YouTube Shorts), Спорт и фитнес, Общение с друзьями","Telegram, Instagram, YouTube",5,,Да,"СБЕР, Т-банк, Яндекс банк, Газпромбанк, ВТБ",Т-банк,"Удобный интерфейс, Просто привык(ла), У банка классные акции и кэшбек, Удобная экосистема банка",Да,"Привлек кэшбек, системы лояльности, бонусы","Да, но довольно редко",5,2,5,5,4,5,5,"Неудобное использование и перегруженное приложение, Медленная работа, глюки, Плохая служба поддержки (роботы, долгое ожидание)","Нет, спасибо"
16.07.2025 12:28:38,21-22 года,Женский,Учусь в университете,Доход от родителей/родственников,20-50к,"Короткие видео (TikTok, Instagram Reels, YouTube Shorts), Спорт и фитнес, Общение с друзьями","Telegram, Instagram, TikTok",5,,Да,"СБЕР, Т-банк, ВТБ",Т-банк,"Удобный интерфейс, Просто привык(ла), У банка классные акции и кэшбек",Да,"Обязали на учебе / работе (стипендиальная, зарплатная карта)","Да, но довольно редко",4,3,4,4,4,4,4,"Навязчивая реклама и уведомления, Медленная работа, глюки, Плохая служба поддержки (роботы, долгое ожидание)","Нет, спасибо"
16.07.2025 12:32:17,19-20 лет,Женский,Совмещаю учебу с работой,Доход от родителей/родственников,20-50к,"Просмотр сериалов / кино / YouTube, Короткие видео (TikTok, Instagram Reels, YouTube Shorts), Общение с друзьями","Telegram, VK, YouTube",6,приятный Ильдар),Да,"СБЕР, ВТБ",СБЕР,"Удобный интерфейс, Просто привык(ла), Зарплатный счет",Да,"Привлек кэшбек, системы лояльности, бонусы","Да, часто для определенных покупок и операций",5,3,5,5,5,5,4,"Навязчивая реклама и уведомления, Неудобное использование и перегруженное приложение, Медленная работа, глюки","Нет, спасибо"
16.07.2025 12:32:39,21-22 года,Мужской,Учусь в университете,Доход от родителей/родственников,20-50к,"Просмотр сериалов / кино / YouTube, Короткие видео (TikTok, Instagram Reels, YouTube Shorts), Чтение","Telegram, Instagram, YouTube",6,"Антонов, Григорий Баженов, Асафьев",Да,"СБЕР, Альфа банк, Яндекс банк, ВТБ",Альфа банк,"Удобный интерфейс, Друзья и семья также пользуются этим банком, У банка классные акции и кэшбек, Выгодные тарифы и обслуживание",Да,"Привлек кэшбек, системы лояльности, бонусы","Да, постоянно",5,2,5,4,5,4,3,"Навязчивая реклама и уведомления, Неудобное использование и перегруженное приложение, Медленная работа, глюки","Нет, спасибо"
16.07.2025 12:36:58,более 22 лет,,,,,,,,,,,,,,,,,,,,,,,,
16.07.2025 12:37:43,более 22 лет,,,,,,,,,,,,,,,,,,,,,,,,
16.07.2025 12:39:59,17-18 лет,Женский,Учусь в университете,Доход от родителей/родственников,10-20к,"Просмотр сериалов / кино / YouTube, Короткие видео (TikTok, Instagram Reels, YouTube Shorts), Волотнерство, социальная активность","Telegram, VK, TikTok",5,"Exile, Paradeevich, Egor Kreed",Да,"СБЕР, Альфа банк",Альфа банк,"Удобный интерфейс, Друзья и семья также пользуются этим банком",Да,"Привлек кэшбек, системы лояльности, бонусы","Да, постоянно",5,2,5,5,5,5,4,Ничего не раздражает,"Нет, спасибо"
16.07.2025 12:43:49,более 22 лет,,,,,,,,,,,,,,,,,,,,,,,,
16.07.2025 12:50:03,14-15 лет,Мужской,Учусь в школе,Подработка/фриланс,5-10к,Видеоигры,"Twitch, Discord, WhatsApp",7,,Да,"Россельхозбанк, Райффайзен банк, ВТБ",ВТБ банк,Удобный интерфейс,Да,"Привлекли дополнительные продукты, экосистема банка","Да, но довольно редко",4,4,2,3,2,5,1,"Отсутствие интересных фишек, скука, Ничего не раздражает","Нет, спасибо"
16.07.2025 12:50:04,21-22 года,Мужской,Учусь в университете,Доход от родителей/родственников,10-20к,"Просмотр сериалов / кино / YouTube, Общение с друзьями, Самообразование, курсы","Telegram, YouTube, WhatsApp",10,,Да,"СБЕР, Т-банк, Райффайзен банк, ВТБ",СБЕР,Удобная экосистема банка,Да,Хотел(а) перейти на другой банк,"Да, часто для определенных покупок и операций",5,2,5,3,4,4,5,"Навязчивая реклама и уведомления, Неудобное использование и перегруженное приложение, Медленная работа, глюки","Нет, спасибо"
16.07.2025 12:51:41,19-20 лет,Мужской,Совмещаю учебу с работой,Постоянная работа,20-50к,"Видеоигры, Короткие видео (TikTok, Instagram Reels, YouTube Shorts), Общение с друзьями","Telegram, Instagram, TikTok",4,"Дубровский, Масленников, Булкин, Exile",Да,"СБЕР, Альфа банк, Яндекс банк, ВТБ",СБЕР,"Просто привык(ла), Удобная экосистема банка",Да,"Обязали на учебе / работе (стипендиальная, зарплатная карта)",Очень редко,4,1,4,4,4,4,3,"Навязчивая реклама и уведомления, Неудобное использование и перегруженное приложение, Медленная работа, глюки","Нет, спасибо"
16.07.2025 12:52:11,более 22 лет,,,,,,,,,,,,,,,,,,,,,,,,
16.07.2025 12:54:05,21-22 года,Женский,Работаю,Постоянная работа,50-80к,"Просмотр сериалов / кино / YouTube, Чтение","Telegram, VK, TikTok",7,Отсутствуют,Да,"СБЕР, Россельхозбанк",СБЕР,"Удобный интерфейс, Просто привык(ла)",Да,"Привлек кэшбек, системы лояльности, бонусы",Очень редко,5,2,4,5,5,5,3,"Навязчивая реклама и уведомления, Плохая служба поддержки (роботы, долгое ожидание)","Нет, спасибо"
16.07.2025 12:54:29,19-20 лет,Женский,Учусь в университете,Доход от родителей/родственников,20-50к,"Просмотр сериалов / кино / YouTube, Спорт и фитнес, Общение с друзьями","Telegram, VK, YouTube",7,,Да,"СБЕР, ВТБ",СБЕР,Просто привык(ла),Да,"Обязали на учебе / работе (стипендиальная, зарплатная карта)","Да, но довольно редко",5,3,5,5,5,5,3,"Неудобное использование и перегруженное приложение, Плохая служба поддержки (роботы, долгое ожидание), Отсутствие интересных фишек, скука","Нет, спасибо"
16.07.2025 12:55:15,21-22 года,Женский,Совмещаю учебу с работой,Постоянная работа,120к+,"Просмотр сериалов / кино / YouTube, Чтение, Общение с друзьями","Telegram, TikTok, YouTube",10,"режина, daily slime, собчак",Да,"СБЕР, Т-банк, Яндекс банк, ВТБ, МКБ",Яндекс и МКБ,"Зарплатный счет, У банка классные акции и кэшбек, Удобная экосистема банка, Яндекс: экосистема, кешбэк, МКБ: накопительные продукты и зп ",Да,"Обязали на учебе / работе (стипендиальная, зарплатная карта)","Да, часто для определенных покупок и операций",3,1,4,5,5,4,4,"Отсутствие интересных фишек, скука, плохая статистика по тратам и доходу ","Нет, спасибо"
16.07.2025 12:56:56,16-17 лет,Мужской,Учусь в коллеже/техникуме,Доход от родителей/родственников,5-10к,"Видеоигры, Спорт и фитнес, Общение с друзьями","Telegram, VK, Instagram",7,,Да,СБЕР,СБЕР,Просто привык(ла),Нет,,,5,1,5,2,5,5,5,"Навязчивая реклама и уведомления, Неудобное использование и перегруженное приложение, Медленная работа, глюки",
16.07.2025 12:58:09,21-22 года,Женский,Работаю,Доход от родителей/родственников,20-50к,"Просмотр сериалов / кино / YouTube, Творчество, Общение с друзьями","Telegram, VK, Instagram",8,,Да,"СБЕР, ВТБ",СБЕР,Просто привык(ла),Нет,,,5,4,4,5,3,4,3,"Медленная работа, глюки, Плохая служба поддержки (роботы, долгое ожидание)","Нет, спасибо"
16.07.2025 13:03:20,более 22 лет,,,,,,,,,,,,,,,,,,,,,,,,
16.07.2025 13:10:36,19-20 лет,Женский,Учусь в университете,Доход от родителей/родственников,20-50к,"Музыка (игра на инструменте, пение,  прослушивание музыки), Короткие видео (TikTok, Instagram Reels, YouTube Shorts), Общение с друзьями","Telegram, TikTok, YouTube",6,,Да,"СБЕР, Т-банк, Яндекс банк",СБЕР,"Друзья и семья также пользуются этим банком, Просто привык(ла)",Да,"Привлек кэшбек, системы лояльности, бонусы","Да, но довольно редко",5,3,5,3,5,3,3,Навязчивая реклама и уведомления,"Нет, спасибо"
16.07.2025 13:14:45,17-18 лет,Женский,Учусь в университете,Стипендия,10-20к,"Просмотр сериалов / кино / YouTube, Короткие видео (TikTok, Instagram Reels, YouTube Shorts), Общение с друзьями","Telegram, TikTok, Twitch",8,,Да,"СБЕР, Т-банк",СБЕР,Зарплатный счет,Нет,,,5,2,5,5,5,3,3,"Навязчивая реклама и уведомления, Неудобное использование и перегруженное приложение, Медленная работа, глюки","Нет, спасибо"
16.07.2025 13:19:34,более 22 лет,,,,,,,,,,,,,,,,,,,,,,,,
16.07.2025 13:20:53,21-22 года,Женский,Учусь в университете,Стипендия,5-10к,"Просмотр сериалов / кино / YouTube, Музыка (игра на инструменте, пение,  прослушивание музыки), Танцы","Telegram, VK, YouTube",8,"Ольга, автор Youtube-канала «love korea”; Николай Мячин, автор Youtube- и Telegram-канала «Простая экономика»; Оксана Флаф.",Да,"СБЕР, Газпромбанк",СБЕР,"Удобный интерфейс, Друзья и семья также пользуются этим банком, Просто привык(ла)",Да,"Обязали на учебе / работе (стипендиальная, зарплатная карта)","Да, часто для определенных покупок и операций",5,5,5,5,5,5,5,Ничего не раздражает,"Нет, спасибо"
16.07.2025 13:24:49,19-20 лет,Женский,Учусь в университете,Доход от родителей/родственников,20-50к,"Просмотр сериалов / кино / YouTube, Творчество, Общение с друзьями","Telegram, VK, Instagram",8,,Да,"СБЕР, Т-банк, Альфа банк",Т-банк,У банка классные акции и кэшбек,Да,"Обязали на учебе / работе (стипендиальная, зарплатная карта)","Да, часто для определенных покупок и операций",4,2,5,3,5,5,2,"Навязчивая реклама и уведомления, Неудобное использование и перегруженное приложение, Медленная работа, глюки","Нет, спасибо"
16.07.2025 13:28:41,19-20 лет,Женский,Учусь в университете,Подработка/фриланс,10-20к,"Музыка (игра на инструменте, пение,  прослушивание музыки), Короткие видео (TikTok, Instagram Reels, YouTube Shorts), Общение с друзьями","Telegram, VK, TikTok",5,,Да,"СБЕР, ВТБ",СБЕР,"Просто привык(ла), Зарплатный счет, Выгодные тарифы и обслуживание",Да,"Обязали на учебе / работе (стипендиальная, зарплатная карта)","Да, постоянно",5,3,5,3,3,3,4,Ничего не раздражает,"Нет, спасибо"
16.07.2025 13:33:15,более 22 лет,,,,,,,,,,,,,,,,,,,,,,,,
16.07.2025 13:44:01,21-22 года,Мужской,Совмещаю учебу с работой,Постоянная работа,50-80к,"Видеоигры, Просмотр сериалов / кино / YouTube, Музыка (игра на инструменте, пение,  прослушивание музыки)","Telegram, Instagram, YouTube",5,"EugeneSagaz, Agnomon, Alastar",Да,"СБЕР, Т-банк, Альфа банк, Яндекс банк, Газпромбанк, Райффайзен банк",СБЕР,Зарплатный счет,Да,Друг там работает ,Не пользуюсь,5,4,5,5,5,3,2,"Навязчивая реклама и уведомления, Медленная работа, глюки, Плохая служба поддержки (роботы, долгое ожидание)","Нет, спасибо"
16.07.2025 13:51:18,21-22 года,Женский,Учусь в университете,Стипендия,1-5к,"Видеоигры, Творчество, Общение с друзьями","Telegram, Instagram, YouTube",6,"юлик, брайн мапс, анастасиз, кузьма, антон власов ",Да,"СБЕР, Газпромбанк",Газпромбанк ,"Просто привык(ла), Зарплатный счет",Нет,,,5,5,5,2,5,3,3,"Плохая служба поддержки (роботы, долгое ожидание)","Нет, спасибо"
16.07.2025 13:52:17,21-22 года,Женский,Учусь в университете,Подработка/фриланс,10-20к,"Просмотр сериалов / кино / YouTube, Музыка (игра на инструменте, пение,  прослушивание музыки), Творчество","Telegram, Instagram, YouTube",7,"Ян Топлес, Топа, Serjay, Чон Чонгук, Квон Сунён",Да,СБЕР,СБЕР,"Удобный интерфейс, Друзья и семья также пользуются этим банком",Нет,,,4,5,4,4,5,3,3,Навязчивая реклама и уведомления,"Нет, спасибо"
16.07.2025 13:58:59,21-22 года,Мужской,Совмещаю учебу с работой,Постоянная работа,20-50к,"Видеоигры, Просмотр сериалов / кино / YouTube, Общение с друзьями","Telegram, VK, YouTube",8,"BadComedian, sereGGa, slidan, Metalyst",Да,"СБЕР, Т-банк, Альфа банк",СБЕР,"Друзья и семья также пользуются этим банком, Зарплатный счет",Да,"Привлек кэшбек, системы лояльности, бонусы",Не пользуюсь,5,1,5,3,4,5,2,"Медленная работа, глюки, Отсутствие интересных фишек, скука","Нет, спасибо"
16.07.2025 13:59:55,19-20 лет,Женский,Учусь в университете,Доход от родителей/родственников,10-20к,"Видеоигры, Музыка (игра на инструменте, пение,  прослушивание музыки), Творчество","Telegram, VK, YouTube",6,,Да,"СБЕР, Т-банк, Газпромбанк, Россельхозбанк, ВТБ",ВТБ банк,"Просто привык(ла), У банка классные акции и кэшбек",Да,"Обязали на учебе / работе (стипендиальная, зарплатная карта)","Да, но довольно редко",4,3,5,5,4,5,3,"Навязчивая реклама и уведомления, Неудобное использование и перегруженное приложение, Медленная работа, глюки","Нет, спасибо"
16.07.2025 14:01:25,21-22 года,Женский,Учусь в университете,Подработка/фриланс,1-5к,"Видеоигры, Творчество, Общение с друзьями","Telegram, Instagram, TikTok",5,"Катя Клеп, Куплинов",Да,СБЕР,СБЕР,Просто привык(ла),Нет,,,5,5,5,2,4,4,4,Навязчивая реклама и уведомления,"Нет, спасибо"
16.07.2025 14:01:44,19-20 лет,Мужской,Учусь в университете,Доход от родителей/родственников,5-10к,"Спорт и фитнес, Чтение, Общение с друзьями","Telegram, VK, YouTube",10,"Mr. Beast
ChessMaster
Школково ЕГЭ, ОГЭ, олимпиады",Да,"Т-банк, Газпромбанк",Т-банк,"Удобный интерфейс, Просто привык(ла), Удобная экосистема банка, Выгодные тарифы и обслуживание",Да,"Обязали на учебе / работе (стипендиальная, зарплатная карта)",Очень редко,5,3,5,4,5,5,4,"Навязчивая реклама и уведомления, Неудобное использование и перегруженное приложение, Медленная работа, глюки","Нет, спасибо"
16.07.2025 14:01:55,19-20 лет,Женский,Учусь в университете,Доход от родителей/родственников,5-10к,"Просмотр сериалов / кино / YouTube, Музыка (игра на инструменте, пение,  прослушивание музыки), Общение с друзьями","Telegram, YouTube, Twitch",6,,Да,"СБЕР, Газпромбанк",СБЕР,"Удобный интерфейс, Друзья и семья также пользуются этим банком, Просто привык(ла)",Да,"Обязали на учебе / работе (стипендиальная, зарплатная карта)",Очень редко,4,3,5,4,5,3,5,"Навязчивая реклама и уведомления, Медленная работа, глюки","Нет, спасибо"
16.07.2025 14:15:20,17-18 лет,Женский,Учусь в университете,Доход от родителей/родственников,20-50к,"Музыка (игра на инструменте, пение,  прослушивание музыки), Короткие видео (TikTok, Instagram Reels, YouTube Shorts), Чтение","Telegram, TikTok, YouTube",5,,Да,"СБЕР, Т-банк",СБЕР,"Друзья и семья также пользуются этим банком, Просто привык(ла)",Нет,,,5,2,5,2,3,3,3,"Навязчивая реклама и уведомления, Неудобное использование и перегруженное приложение, Медленная работа, глюки","Нет, спасибо"
16.07.2025 14:15:42,21-22 года,Женский,Учусь в университете,Доход от родителей/родственников,20-50к,"Просмотр сериалов / кино / YouTube, Короткие видео (TikTok, Instagram Reels, YouTube Shorts), Общение с друзьями","Telegram, TikTok, YouTube",7,"Дк, Цмх, Мзлф",Да,"СБЕР, Т-банк, Альфа банк, Газпромбанк",СБЕР,"Друзья и семья также пользуются этим банком, Просто привык(ла)",Да,"Обязали на учебе / работе (стипендиальная, зарплатная карта)","Да, но довольно редко",5,4,5,4,5,4,3,"Неудобное использование и перегруженное приложение, Медленная работа, глюки, Плохая служба поддержки (роботы, долгое ожидание)","Нет, спасибо"
16.07.2025 14:21:03,19-20 лет,Женский,Совмещаю учебу с работой,Постоянная работа,20-50к,"Спорт и фитнес, Чтение, Общение с друзьями","Telegram, VK, Instagram",5,,Да,"СБЕР, Т-банк, Альфа банк, ВТБ",СБЕР,"Просто привык(ла), Зарплатный счет",Да,"Привлек кэшбек, системы лояльности, бонусы","Да, но довольно редко",5,3,5,5,5,5,3,Ничего не раздражает,"Нет, спасибо"
16.07.2025 14:24:00,17-18 лет,Женский,Учусь в университете,Пособия,10-20к,"Видеоигры, Просмотр сериалов / кино / YouTube, Короткие видео (TikTok, Instagram Reels, YouTube Shorts)","Telegram, TikTok, YouTube",3,"Алексей Шевцов, Дима Масленников, Данила Поперечный, lisav_",Да,"СБЕР, Т-банк, Альфа банк, Яндекс банк",Альфа банк,"Удобный интерфейс, Просто привык(ла), У банка классные акции и кэшбек, Выгодные тарифы и обслуживание",Да,"Привлек кэшбек, системы лояльности, бонусы","Да, постоянно",4,4,4,5,5,5,1,"Навязчивая реклама и уведомления, Неудобное использование и перегруженное приложение, Отсутствие интересных фишек, скука","Нет, спасибо"
16.07.2025 14:27:17,более 22 лет,,,,,,,,,,,,,,,,,,,,,,,,
16.07.2025 14:32:38,19-20 лет,Мужской,Учусь в университете,Подработка/фриланс,10-20к,"Просмотр сериалов / кино / YouTube, Музыка (игра на инструменте, пение,  прослушивание музыки), Самообразование, курсы","Telegram, YouTube",8,,Да,"Т-банк, Альфа банк, Яндекс банк",Т-банк,Просто привык(ла),Да,"Привлек кэшбек, системы лояльности, бонусы","Да, постоянно",4,1,5,5,5,5,4,"Навязчивая реклама и уведомления, Неудобное использование и перегруженное приложение, Плохая служба поддержки (роботы, долгое ожидание)","Нет, спасибо"
16.07.2025 14:34:59,21-22 года,Мужской,Совмещаю учебу с работой,Доход от родителей/родственников,10-20к,"Просмотр сериалов / кино / YouTube, Общение с друзьями, Самообразование, курсы","Telegram, Instagram, YouTube",8,"Борис Трушин, Максим Горбачёв, Aliensrock",Да,"СБЕР, Т-банк, ВТБ",СБЕР,"Удобный интерфейс, Друзья и семья также пользуются этим банком, Просто привык(ла)",Да,"Обязали на учебе / работе (стипендиальная, зарплатная карта)",Не пользуюсь,4,1,4,2,5,3,2,"Неудобное использование и перегруженное приложение, Медленная работа, глюки","Нет, спасибо"
16.07.2025 14:37:05,19-20 лет,Мужской,Учусь в университете,Подработка/фриланс,20-50к,"Видеоигры, Просмотр сериалов / кино / YouTube, Общение с друзьями","Telegram, TikTok, Twitch",5,,Да,"Т-банк, ВТБ",Т-банк,"Удобный интерфейс, У банка классные акции и кэшбек, Выгодные тарифы и обслуживание",Да,"Обязали на учебе / работе (стипендиальная, зарплатная карта)","Да, но довольно редко",5,3,5,5,5,5,5,"Навязчивая реклама и уведомления, Неудобное использование и перегруженное приложение, Медленная работа, глюки","Нет, спасибо"
16.07.2025 14:37:15,21-22 года,Мужской,Совмещаю учебу с работой,Постоянная работа,50-80к,"Спорт и фитнес, Самообразование, курсы, Волотнерство, социальная активность","Telegram, VK, WhatsApp",4,"Асафьев, MyGap, Recrent",Да,"СБЕР, Т-банк",Т-банк,"У банка классные акции и кэшбек, Удобная экосистема банка",Да,"Привлек кэшбек, системы лояльности, бонусы","Да, постоянно",5,2,5,5,5,5,5,"Навязчивая реклама и уведомления, Неудобное использование и перегруженное приложение, Плохая служба поддержки (роботы, долгое ожидание)","Нет, спасибо"
16.07.2025 14:37:48,17-18 лет,Женский,Учусь в университете,Доход от родителей/родственников,20-50к,"Музыка (игра на инструменте, пение,  прослушивание музыки), Творчество, Чтение","Telegram, VK, YouTube",5,"филолог всея руси, utopia show, фауст 21 века",Да,ВТБ,ВТБ банк,"Просто привык(ла), Зарплатный счет",Нет,,,5,3,5,3,4,1,1,"Медленная работа, глюки, Плохая служба поддержки (роботы, долгое ожидание)",
16.07.2025 14:38:22,17-18 лет,Женский,Учусь в коллеже/техникуме,Доход от родителей/родственников,1-5к,"Видеоигры, Просмотр сериалов / кино / YouTube, Короткие видео (TikTok, Instagram Reels, YouTube Shorts)","Instagram, TikTok, YouTube",7,"Мэлстрим, Валя Карнавал, Лабубу",Да,СБЕР,СБЕР,"Удобный интерфейс, Друзья и семья также пользуются этим банком, Просто привык(ла)",Нет,,,5,5,5,1,3,5,4,"Навязчивая реклама и уведомления, Медленная работа, глюки, Отсутствие интересных фишек, скука","Нет, спасибо"
16.07.2025 14:38:48,21-22 года,Мужской,Совмещаю учебу с работой,Постоянная работа,20-50к,"Просмотр сериалов / кино / YouTube, Музыка (игра на инструменте, пение,  прослушивание музыки), Общение с друзьями","Telegram, VK, YouTube",1,"Кузьма, Антон Власов, Юлик, Это футбол брат, Стас Ай Как Просто",Да,"СБЕР, Т-банк, Газпромбанк",СБЕР,"Удобный интерфейс, Друзья и семья также пользуются этим банком, Просто привык(ла), Зарплатный счет, Удобная экосистема банка, Выгодные тарифы и обслуживание",Да,"Привлекли дополнительные продукты, экосистема банка","Да, часто для определенных покупок и операций",5,3,4,5,3,3,3,"Неудобное использование и перегруженное приложение, Медленная работа, глюки","Нет, спасибо"
16.07.2025 14:42:43,21-22 года,Женский,Учусь в университете,Доход от родителей/родственников,20-50к,"Спорт и фитнес, Чтение, Общение с друзьями","Telegram, VK, Instagram",5,,Да,"СБЕР, Яндекс банк, Мтс-банк",Яндекс банк,"У банка классные акции и кэшбек, Удобная экосистема банка",Да,"Обязали на учебе / работе (стипендиальная, зарплатная карта)","Да, часто для определенных покупок и операций",4,1,3,5,3,4,3,"Медленная работа, глюки, Плохая служба поддержки (роботы, долгое ожидание)","Нет, спасибо"
16.07.2025 14:44:01,21-22 года,Женский,Учусь в университете,Доход от родителей/родственников,20-50к,"Короткие видео (TikTok, Instagram Reels, YouTube Shorts), Общение с друзьями, Самообразование, курсы","Telegram, Instagram, TikTok",10,,Да,"СБЕР, Яндекс банк",СБЕР,"Просто привык(ла), Выгодные тарифы и обслуживание",Да,Привлекли выгодные тарифы по кредитам и вкладам,Не пользуюсь,5,3,3,4,5,5,4,"Медленная работа, глюки, Плохая служба поддержки (роботы, долгое ожидание)","Нет, спасибо"
16.07.2025 14:49:30,21-22 года,Женский,Учусь в университете,Доход от родителей/родственников,10-20к,"Видеоигры, Творчество, Чтение","Telegram, VK, WhatsApp",7,"TarelkO, Kuplinov, Энтони Юлай. ",Да,"СБЕР, Т-банк, Вайлдберриз банк ",Т-банк,"Удобный интерфейс, У банка классные акции и кэшбек, Моими картами сбера пользуется отец. Когда я пользуюсь другим банком, ему не видно мои транзакции. ",Нет,,,5,3,5,5,3,3,3,"Навязчивая реклама и уведомления, Медленная работа, глюки, Плохая служба поддержки (роботы, долгое ожидание)","Нет, спасибо"
16.07.2025 14:49:52,19-20 лет,Женский,Учусь в университете,Доход от родителей/родственников,20-50к,"Музыка (игра на инструменте, пение,  прослушивание музыки), Короткие видео (TikTok, Instagram Reels, YouTube Shorts), Общение с друзьями","Telegram, Instagram, TikTok",7,"Маш Милаш, Олеся Иванченко, Болид Эля",Да,"СБЕР, Т-банк, ВТБ",Т-банк,"Удобный интерфейс, Просто привык(ла), Удобная экосистема банка",Да,"Обязали на учебе / работе (стипендиальная, зарплатная карта)",Очень редко,5,2,4,4,4,3,3,"Навязчивая реклама и уведомления, Неудобное использование и перегруженное приложение","Нет, спасибо"
16.07.2025 14:50:32,19-20 лет,Женский,Совмещаю учебу с работой,Доход от родителей/родственников,20-50к,"Музыка (игра на инструменте, пение,  прослушивание музыки), Короткие видео (TikTok, Instagram Reels, YouTube Shorts), Спорт и фитнес","Telegram, Instagram, YouTube",6,,Да,"СБЕР, ВТБ",СБЕР,"Просто привык(ла), Выгодные тарифы и обслуживание",Да,"Обязали на учебе / работе (стипендиальная, зарплатная карта)","Да, но довольно редко",4,4,5,5,5,5,3,Ничего не раздражает,"Нет, спасибо"
16.07.2025 14:55:57,17-18 лет,Женский,Учусь в университете,Доход от родителей/родственников,20-50к,"Видеоигры, Музыка (игра на инструменте, пение,  прослушивание музыки), Короткие видео (TikTok, Instagram Reels, YouTube Shorts)","Telegram, VK, TikTok",8,"Brian maps, buggy starship, yan reyzen",Да,"СБЕР, Яндекс банк",СБЕР,"Друзья и семья также пользуются этим банком, Просто привык(ла)",Да,Привлекли выгодные тарифы по кредитам и вкладам,Очень редко,4,1,3,5,3,3,2,"Неудобное использование и перегруженное приложение, Медленная работа, глюки, Плохая служба поддержки (роботы, долгое ожидание)","Нет, спасибо"
16.07.2025 14:57:40,21-22 года,Женский,Совмещаю учебу с работой,Постоянная работа,20-50к,"Просмотр сериалов / кино / YouTube, Чтение, Общение с друзьями","Telegram, VK, Instagram",8,,Да,"СБЕР, Т-банк, Альфа банк, Газпромбанк",Альфа банк,"Удобный интерфейс, Просто привык(ла), Удобная экосистема банка, Выгодные тарифы и обслуживание",Да,Хотел(а) перейти на другой банк,"Да, постоянно",5,1,5,5,5,5,3,"Навязчивая реклама и уведомления, Медленная работа, глюки, Плохая служба поддержки (роботы, долгое ожидание)",
16.07.2025 15:02:45,21-22 года,Женский,Совмещаю учебу с работой,Доход от родителей/родственников,10-20к,"Просмотр сериалов / кино / YouTube, Спорт и фитнес, Общение с друзьями","Telegram, Instagram, YouTube",3,,Да,"СБЕР, Т-банк",Т-банк,"Удобный интерфейс, У банка классные акции и кэшбек, Выгодные тарифы и обслуживание",Нет,,,1,3,1,1,1,1,1,"Неудобное использование и перегруженное приложение, Медленная работа, глюки, Плохая служба поддержки (роботы, долгое ожидание)",
16.07.2025 15:05:01,19-20 лет,Женский,Совмещаю учебу с работой,Постоянная работа,50-80к,"Просмотр сериалов / кино / YouTube, Спорт и фитнес, Чтение","Telegram, Instagram, YouTube",8,"Михаил Гребенюк, Вероника Степанова, Александра Митрошина",Да,"СБЕР, Т-банк, Альфа банк, Газпромбанк, ВТБ",Т-банк,"Удобный интерфейс, У банка классные акции и кэшбек, Удобная экосистема банка",Да,"Привлек кэшбек, системы лояльности, бонусы","Да, часто для определенных покупок и операций",5,2,4,5,5,5,4,"Медленная работа, глюки, Плохая служба поддержки (роботы, долгое ожидание)","Нет, спасибо"
16.07.2025 15:05:28,21-22 года,Женский,Совмещаю учебу с работой,Постоянная работа,20-50к,"Просмотр сериалов / кино / YouTube, Короткие видео (TikTok, Instagram Reels, YouTube Shorts)","Telegram, VK, Instagram",9,,Да,"СБЕР, Т-банк",СБЕР,"Просто привык(ла), Зарплатный счет",Да,"Привлек кэшбек, системы лояльности, бонусы","Да, постоянно",4,1,5,5,5,5,1,"Неудобное использование и перегруженное приложение, Плохая служба поддержки (роботы, долгое ожидание)",
16.07.2025 15:12:03,19-20 лет,Женский,Учусь в университете,Доход от родителей/родственников,1-5к,"Короткие видео (TikTok, Instagram Reels, YouTube Shorts), Спорт и фитнес, Общение с друзьями","Telegram, VK, Instagram",6,"Лиза Рудкевич, Ева Уварова, Катя Беликова",Да,"СБЕР, ВТБ",СБЕР,"Удобный интерфейс, Просто привык(ла)",Да,"Обязали на учебе / работе (стипендиальная, зарплатная карта)",Очень редко,4,4,5,4,5,4,3,"Навязчивая реклама и уведомления, Плохая служба поддержки (роботы, долгое ожидание)","Нет, спасибо"
16.07.2025 15:12:54,19-20 лет,Женский,Учусь в университете,Доход от родителей/родственников,20-50к,"Просмотр сериалов / кино / YouTube, Музыка (игра на инструменте, пение,  прослушивание музыки), Короткие видео (TikTok, Instagram Reels, YouTube Shorts)","Telegram, TikTok, YouTube",7,"Приятный Ильдар, Badcomedian, Exile",Да,СБЕР,СБЕР,"Удобный интерфейс, Друзья и семья также пользуются этим банком, Просто привык(ла)",Нет,,,4,3,5,3,3,4,4,"Навязчивая реклама и уведомления, Плохая служба поддержки (роботы, долгое ожидание)","Нет, спасибо"
16.07.2025 15:13:51,17-18 лет,Женский,Учусь в университете,Доход от родителей/родственников,20-50к,"Просмотр сериалов / кино / YouTube, Спорт и фитнес, Общение с друзьями","Telegram, TikTok, YouTube",5,,Да,"СБЕР, Т-банк, Яндекс банк",СБЕР,"Друзья и семья также пользуются этим банком, Просто привык(ла)",Нет,,,5,4,4,5,3,3,4,"Навязчивая реклама и уведомления, Неудобное использование и перегруженное приложение, Медленная работа, глюки","Нет, спасибо"
16.07.2025 15:16:50,19-20 лет,Женский,Совмещаю учебу с работой,Постоянная работа,50-80к,"Просмотр сериалов / кино / YouTube, Короткие видео (TikTok, Instagram Reels, YouTube Shorts), Общение с друзьями","Telegram, Instagram, YouTube",7,,Да,"Т-банк, Альфа банк",Т-банк,"Удобный интерфейс, Просто привык(ла), У банка классные акции и кэшбек",Да,"Обязали на учебе / работе (стипендиальная, зарплатная карта)","Да, постоянно",5,4,5,5,5,5,3,"Неудобное использование и перегруженное приложение, Медленная работа, глюки, Плохая служба поддержки (роботы, долгое ожидание)","Нет, спасибо"
16.07.2025 15:19:13,более 22 лет,,,,,,,,,,,,,,,,,,,,,,,,
16.07.2025 15:27:14,19-20 лет,Женский,Учусь в университете,Доход от родителей/родственников,20-50к,"Просмотр сериалов / кино / YouTube, Общение с друзьями, Самообразование, курсы","Telegram, VK, TikTok",7,,Да,"СБЕР, Т-банк, Газпромбанк, ВТБ",ВТБ банк,"Зарплатный счет, У банка классные акции и кэшбек, Выгодные тарифы и обслуживание",Да,Привлекли выгодные тарифы по кредитам и вкладам,Очень редко,3,3,5,5,3,4,3,Ничего не раздражает,"Нет, спасибо"
16.07.2025 15:37:32,17-18 лет,Мужской,Учусь в университете,Доход от родителей/родственников,10-20к,"Видеоигры, Короткие видео (TikTok, Instagram Reels, YouTube Shorts), Общение с друзьями","Telegram, VK, TikTok",7,,Да,"СБЕР, Т-банк",Т-банк,"Просто привык(ла), У банка классные акции и кэшбек, Выгодные тарифы и обслуживание",Да,"Привлек кэшбек, системы лояльности, бонусы","Да, постоянно",4,1,5,4,3,4,2,"Неудобное использование и перегруженное приложение, Медленная работа, глюки, Отсутствие интересных фишек, скука","Нет, спасибо"
16.07.2025 15:39:54,19-20 лет,Женский,Учусь в университете,Доход от родителей/родственников,20-50к,"Просмотр сериалов / кино / YouTube, Короткие видео (TikTok, Instagram Reels, YouTube Shorts), Общение с друзьями","Telegram, TikTok, YouTube",8,,Да,"СБЕР, Т-банк, ВТБ",СБЕР,Просто привык(ла),Да,Привлекли выгодные тарифы по кредитам и вкладам,Очень редко,5,2,5,4,4,4,2,"Неудобное использование и перегруженное приложение, Плохая служба поддержки (роботы, долгое ожидание)","Нет, спасибо"
16.07.2025 15:46:45,19-20 лет,Мужской,Совмещаю учебу с работой,Стипендия,5-10к,"Видеоигры, Просмотр сериалов / кино / YouTube, Музыка (игра на инструменте, пение,  прослушивание музыки)","Telegram, YouTube, Discord",10,"Drututt, movementbydavid, tatsuya kitani",Да,"Альфа банк, ВТБ",ВТБ банк,"Просто привык(ла), Зарплатный счет",Да,Привлекли выгодные тарифы по кредитам и вкладам,Очень редко,3,2,5,5,5,3,4,"Навязчивая реклама и уведомления, Медленная работа, глюки, Плохая служба поддержки (роботы, долгое ожидание)","Нет, спасибо"
16.07.2025 16:41:25,21-22 года,Мужской,Учусь в университете,Доход от родителей/родственников,20-50к,"Просмотр сериалов / кино / YouTube, Музыка (игра на инструменте, пение,  прослушивание музыки), Самообразование, курсы","Telegram, Instagram, YouTube",6,"Vsauce, Shozy Snake, FlynnFlyTaggart, 3Blue1Brown, Veritasium",Да,"СБЕР, Т-банк, Яндекс банк",Яндекс,"Удобный интерфейс, У банка классные акции и кэшбек, Мне от банка надо просто хранить деньги, оплата телефоном и кешбеки. Всякая рекламная хуйня, ЖКХ, сторисы и прочее мне не интересны. ",Да,Хотел(а) перейти на другой банк,"Да, постоянно",5,1,5,3,3,4,2,"Навязчивая реклама и уведомления, Неудобное использование и перегруженное приложение, Медленная работа, глюки",@popit_007 (tg)
16.07.2025 16:55:36,21-22 года,Мужской,Совмещаю учебу с работой,Постоянная работа,120к+,"Видеоигры, Просмотр сериалов / кино / YouTube, Спорт и фитнес","Telegram, YouTube, Discord",10,"Badcomedian, azazin creed, scione",Да,"СБЕР, Т-банк, Яндекс банк",Т-банк,"Удобный интерфейс, Зарплатный счет, У банка классные акции и кэшбек, Удобная экосистема банка, Выгодные тарифы и обслуживание",Да,"Обязали на учебе / работе (стипендиальная, зарплатная карта)","Да, но довольно редко",5,1,5,5,4,5,4,"Неудобное использование и перегруженное приложение, Медленная работа, глюки, Плохая служба поддержки (роботы, долгое ожидание)","Нет, спасибо"
16.07.2025 16:55:41,17-18 лет,Женский,Учусь в университете,Доход от родителей/родственников,20-50к,"Просмотр сериалов / кино / YouTube, Короткие видео (TikTok, Instagram Reels, YouTube Shorts), Спорт и фитнес","Telegram, TikTok, YouTube",7,,Да,"СБЕР, Т-банк",СБЕР,"Удобный интерфейс, Друзья и семья также пользуются этим банком, Просто привык(ла)",Да,"Привлек кэшбек, системы лояльности, бонусы","Да, постоянно",5,2,4,4,3,5,4,"Навязчивая реклама и уведомления, Медленная работа, глюки, Отсутствие интересных фишек, скука","Нет, спасибо"
16.07.2025 16:56:21,19-20 лет,Женский,Учусь в университете,Доход от родителей/родственников,10-20к,"Спорт и фитнес, Творчество, Чтение","Telegram, VK, YouTube",5,,Да,"СБЕР, Т-банк, Яндекс банк",Т-банк,"Просто привык(ла), У банка классные акции и кэшбек",Да,"Привлек кэшбек, системы лояльности, бонусы","Да, часто для определенных покупок и операций",4,4,5,4,5,4,3,"Навязчивая реклама и уведомления, Медленная работа, глюки, Плохая служба поддержки (роботы, долгое ожидание)","Нет, спасибо"
16.07.2025 16:58:28,19-20 лет,Женский,Учусь в университете,Доход от родителей/родственников,50-80к,"Просмотр сериалов / кино / YouTube, Чтение, Общение с друзьями","Telegram, VK, YouTube",9,"Sunkilla(та с красными волосами), Doli(Дарья Скворцова), ilaughatmyownjokes",Да,"Т-банк, ВТБ",Т-банк,Просто привык(ла),Да,"Обязали на учебе / работе (стипендиальная, зарплатная карта)",Не пользуюсь,5,4,5,5,2,5,3,"Плохая служба поддержки (роботы, долгое ожидание), Ничего не раздражает","Нет, спасибо"
16.07.2025 17:22:42,17-18 лет,Женский,Учусь в университете,Доход от родителей/родственников,10-20к,"Просмотр сериалов / кино / YouTube, Короткие видео (TikTok, Instagram Reels, YouTube Shorts), Общение с друзьями","Telegram, Instagram, TikTok",8,"Дукалис, Топлес, Усачев",Да,СБЕР,СБЕР,Удобная экосистема банка,Нет,,,5,5,5,5,5,5,5,"Неудобное использование и перегруженное приложение, Медленная работа, глюки, Отсутствие интересных фишек, скука","Нет, спасибо"
16.07.2025 17:23:23,21-22 года,Женский,Совмещаю учебу с работой,Постоянная работа,20-50к,"Просмотр сериалов / кино / YouTube, Творчество, Чтение","Telegram, VK",9,,Да,"СБЕР, Т-банк, Яндекс банк",Т-банк,У банка классные акции и кэшбек,Да,"Привлек кэшбек, системы лояльности, бонусы","Да, часто для определенных покупок и операций",4,3,5,4,5,5,4,"Неудобное использование и перегруженное приложение, Медленная работа, глюки, Плохая служба поддержки (роботы, долгое ожидание)","Нет, спасибо"
16.07.2025 17:25:42,21-22 года,Женский,Учусь в университете,Подработка/фриланс,5-10к,"Спорт и фитнес, Чтение, Самообразование, курсы","Telegram, Instagram, YouTube",6,,Да,"СБЕР, Т-банк, ВТБ",Т-банк,"Просто привык(ла), У банка классные акции и кэшбек, Удобная экосистема банка",Нет,,,5,4,5,4,5,5,5,"Навязчивая реклама и уведомления, Неудобное использование и перегруженное приложение, Плохая служба поддержки (роботы, долгое ожидание)","Нет, спасибо"
16.07.2025 17:25:52,более 22 лет,,,,,,,,,,,,,,,,,,,,,,,,
16.07.2025 17:32:59,19-20 лет,Женский,Совмещаю учебу с работой,Доход от родителей + постоянная работа 50/50/5,50-80к,"Видеоигры, Просмотр сериалов / кино / YouTube, Короткие видео (TikTok, Instagram Reels, YouTube Shorts)","Telegram, YouTube",7,,Да,"СБЕР, ВТБ",СБЕР,"Удобный интерфейс, Друзья и семья также пользуются этим банком, Просто привык(ла), Зарплатный счет",Да,"Обязали на учебе / работе (стипендиальная, зарплатная карта)",Не пользуюсь,5,1,5,3,3,4,1,"Навязчивая реклама и уведомления, Неудобное использование и перегруженное приложение, Медленная работа, глюки","Нет, спасибо"
16.07.2025 17:33:16,19-20 лет,Мужской,Учусь в университете,Подработка/фриланс,20-50к,"Музыка (игра на инструменте, пение,  прослушивание музыки), Спорт и фитнес, Общение с друзьями","Telegram, VK, Instagram",5,,Да,"СБЕР, Т-банк, Альфа банк, Газпромбанк, ВТБ",Т-банк,"Удобный интерфейс, Друзья и семья также пользуются этим банком, Просто привык(ла), У банка классные акции и кэшбек, Удобная экосистема банка, Выгодные тарифы и обслуживание",Да,"Обязали на учебе / работе (стипендиальная, зарплатная карта)",Очень редко,3,3,3,3,3,3,3,"Неудобное использование и перегруженное приложение, Медленная работа, глюки","Нет, спасибо"
16.07.2025 17:33:17,19-20 лет,Женский,Учусь в университете,Доход от родителей/родственников,20-50к,"Просмотр сериалов / кино / YouTube, Чтение, Общение с друзьями","Telegram, VK, YouTube",10,,Да,"СБЕР, Т-банк, Ак Барс банк",Т-банк,"Удобный интерфейс, У банка классные акции и кэшбек",Нет,,,4,2,4,5,4,4,3,"Навязчивая реклама и уведомления, Отсутствие интересных фишек, скука","Нет, спасибо"
16.07.2025 17:34:04,19-20 лет,Мужской,Совмещаю учебу с работой,Постоянная работа,20-50к,"Музыка (игра на инструменте, пение,  прослушивание музыки), Короткие видео (TikTok, Instagram Reels, YouTube Shorts), Чтение","Telegram, VK, YouTube",9,"Роналду, Валентиныч, Путин",Да,"СБЕР, Т-банк, Яндекс банк, ВТБ",Т-банк,Просто привык(ла),Нет,,,4,4,4,4,5,5,5,"Навязчивая реклама и уведомления, Медленная работа, глюки, Плохая служба поддержки (роботы, долгое ожидание)","Нет, спасибо"
16.07.2025 17:39:32,21-22 года,Мужской,Совмещаю учебу с работой,Постоянная работа,80-120к,"Короткие видео (TikTok, Instagram Reels, YouTube Shorts), Спорт и фитнес, Общение с друзьями","Telegram, Instagram, WhatsApp",4,,Да,"Т-банк, Альфа банк",Т-банк,"Удобный интерфейс, У банка классные акции и кэшбек, Удобная экосистема банка, Выгодные тарифы и обслуживание",Да,"Привлекли дополнительные продукты, экосистема банка","Да, постоянно",5,1,3,3,5,5,3,"Навязчивая реклама и уведомления, Неудобное использование и перегруженное приложение, Плохая служба поддержки (роботы, долгое ожидание)","Нет, спасибо"
16.07.2025 17:43:41,19-20 лет,Мужской,Учусь в университете,Доход от родителей/родственников,10-20к,"Видеоигры, Просмотр сериалов / кино / YouTube, Музыка (игра на инструменте, пение,  прослушивание музыки)","Telegram, VK, YouTube",7,,Да,"СБЕР, Альфа банк, ВТБ",Альфа банк,"Удобный интерфейс, Друзья и семья также пользуются этим банком, У банка классные акции и кэшбек",Да,"Обязали на учебе / работе (стипендиальная, зарплатная карта)",Не пользуюсь,4,5,5,4,4,5,3,"Навязчивая реклама и уведомления, Неудобное использование и перегруженное приложение, Плохая служба поддержки (роботы, долгое ожидание)","Нет, спасибо"
16.07.2025 17:45:05,19-20 лет,Женский,Учусь в университете,Доход от родителей/родственников,10-20к,"Просмотр сериалов / кино / YouTube, Чтение, Общение с друзьями","Telegram, VK, YouTube",7,,Да,"СБЕР, Т-банк, Альфа банк",СБЕР,Друзья и семья также пользуются этим банком,Да,"Обязали на учебе / работе (стипендиальная, зарплатная карта)","Да, часто для определенных покупок и операций",5,2,4,4,5,4,3,Ничего не раздражает,"Нет, спасибо"
16.07.2025 17:59:49,21-22 года,Мужской,Учусь в университете,Стипендия,5-10к,"Видеоигры, Просмотр сериалов / кино / YouTube, Музыка (игра на инструменте, пение,  прослушивание музыки)","Telegram, Instagram, YouTube",6,"Сыендук, Рамузыка, Люба Терлецкая",Да,"Альфа банк, Яндекс банк",Яндекс,У банка классные акции и кэшбек,Да,"Привлек кэшбек, системы лояльности, бонусы","Да, часто для определенных покупок и операций",5,2,5,5,5,5,5,"Отсутствие интересных фишек, скука, бесполезные кэшбек категории",@Ineedtofindgrisha
16.07.2025 18:03:45,более 22 лет,,,,,,,,,,,,,,,,,,,,,,,,
16.07.2025 18:03:46,21-22 года,Мужской,Работаю,Постоянная работа,120к+,"Видеоигры, Спорт и фитнес, Общение с друзьями","Telegram, Instagram, YouTube",7,"Руслан Усачев, Шатохин, Селезнев, Послезавтра, Файб",Да,"СБЕР, Т-банк, Россельхозбанк, ВТБ, ПСБ",Т-банк,Просто привык(ла),Да,"Привлекли дополнительные продукты, экосистема банка","Да, часто для определенных покупок и операций",5,1,3,5,4,4,4,"Плохая служба поддержки (роботы, долгое ожидание), Отсутствие интересных фишек, скука","Нет, спасибо"
16.07.2025 18:05:21,17-18 лет,Мужской,Учусь в университете,Стипендия,10-20к,"Самообразование, курсы",Twitch,8,,Да,Россельхозбанк,Т-банк,Удобный интерфейс,Да,"Привлек кэшбек, системы лояльности, бонусы","Да, часто для определенных покупок и операций",3,3,1,1,1,1,1,"Навязчивая реклама и уведомления, Неудобное использование и перегруженное приложение","Нет, спасибо"
16.07.2025 18:12:38,21-22 года,Женский,Совмещаю учебу с работой,Доход от родителей/родственников,20-50к,"Просмотр сериалов / кино / YouTube, Спорт и фитнес, Чтение","Telegram, VK, Instagram",10,"bupsi kitty, Дарья Могучая, мои друзья ",Да,"СБЕР, Т-банк, Альфа банк, Яндекс банк, ВТБ, озон",Т-банк,"Удобный интерфейс, У банка классные акции и кэшбек, Удобная экосистема банка, Выгодные тарифы и обслуживание",Да,"Обязали на учебе / работе (стипендиальная, зарплатная карта)","Да, но довольно редко",5,3,5,5,5,5,4,"Неудобное использование и перегруженное приложение, Медленная работа, глюки, Плохая служба поддержки (роботы, долгое ожидание)","Нет, спасибо"
16.07.2025 18:52:38,21-22 года,Мужской,Совмещаю учебу с работой,Постоянная работа,80-120к,"Видеоигры, Просмотр сериалов / кино / YouTube, Музыка (игра на инструменте, пение,  прослушивание музыки)","Telegram, Instagram, YouTube",4,"itpedia, amway921, posle_zavtra",Да,"Т-банк, Яндекс банк, Газпромбанк, ВТБ",Т-банк,"Удобный интерфейс, Просто привык(ла), Зарплатный счет, У банка классные акции и кэшбек, Удобная экосистема банка, Выгодные тарифы и обслуживание",Да,"Обязали на учебе / работе (стипендиальная, зарплатная карта)","Да, но довольно редко",5,2,5,5,5,5,4,"Неудобное использование и перегруженное приложение, Медленная работа, глюки, Плохая служба поддержки (роботы, долгое ожидание)","Нет, спасибо"
16.07.2025 18:53:30,19-20 лет,Мужской,Совмещаю учебу с работой,Подработка/фриланс,10-20к,"Видеоигры, Короткие видео (TikTok, Instagram Reels, YouTube Shorts), Пиво","Telegram, TikTok, YouTube",6,"Алексей Шевцов, тони тут, мистер атео",Да,"Т-банк, Альфа банк, ВТБ",Т-банк,"Удобный интерфейс, Друзья и семья также пользуются этим банком, Просто привык(ла)",Да,"Обязали на учебе / работе (стипендиальная, зарплатная карта)",Не пользуюсь,5,1,4,4,4,4,2,"Неудобное использование и перегруженное приложение, Плохая служба поддержки (роботы, долгое ожидание)","Нет, спасибо"
16.07.2025 18:54:59,17-18 лет,Женский,Учусь в университете,Доход от родителей/родственников,20-50к,"Музыка (игра на инструменте, пение,  прослушивание музыки), Творчество, Общение с друзьями","Telegram, YouTube, Discord",5,,Да,"СБЕР, Т-банк, Альфа банк",Т-банк,"Удобный интерфейс, Просто привык(ла), У банка классные акции и кэшбек, Выгодные тарифы и обслуживание",Да,"Обязали на учебе / работе (стипендиальная, зарплатная карта)",Не пользуюсь,5,1,5,5,5,5,1,"Навязчивая реклама и уведомления, Неудобное использование и перегруженное приложение, Медленная работа, глюки","Нет, спасибо"
16.07.2025 19:29:36,19-20 лет,Женский,Учусь в университете,Доход от родителей/родственников,10-20к,"Творчество, Общение с друзьями, Самообразование, курсы","Telegram, VK, Instagram",6,,Да,СБЕР,СБЕР,Просто привык(ла),Нет,,,5,2,5,3,5,4,2,"Навязчивая реклама и уведомления, Неудобное использование и перегруженное приложение, Плохая служба поддержки (роботы, долгое ожидание)","Нет, спасибо"
16.07.2025 19:31:31,21-22 года,Женский,Учусь в университете,Подработка/фриланс,5-10к,"Просмотр сериалов / кино / YouTube, Музыка (игра на инструменте, пение,  прослушивание музыки), Короткие видео (TikTok, Instagram Reels, YouTube Shorts)","Telegram, TikTok, WhatsApp",4,"Мастерская Mars, Брайн Мапс, Зубарев",Да,"СБЕР, Т-банк",СБЕР,"Друзья и семья также пользуются этим банком, У банка классные акции и кэшбек, Выгодные тарифы и обслуживание",Да,"Привлек кэшбек, системы лояльности, бонусы",Не пользуюсь,4,4,4,5,5,5,3,"Навязчивая реклама и уведомления, Медленная работа, глюки, Плохая служба поддержки (роботы, долгое ожидание)","Нет, спасибо"
16.07.2025 19:56:42,19-20 лет,Женский,Учусь в университете,Доход от родителей/родственников,10-20к,"Видеоигры, Музыка (игра на инструменте, пение,  прослушивание музыки), Общение с друзьями","Telegram, TikTok, Discord",6,,Да,"СБЕР, Т-банк, Точка банк",ВТБ банк,Просто привык(ла),Да,должны были дать деньги за создание карты,Не пользуюсь,3,4,5,4,3,4,2,"Медленная работа, глюки, Плохая служба поддержки (роботы, долгое ожидание), Отсутствие интересных фишек, скука","Нет, спасибо"
16.07.2025 20:06:41,более 22 лет,,,,,,,,,,,,,,,,,,,,,,,,
16.07.2025 20:23:40,21-22 года,Женский,Учусь в университете,Доход от родителей/родственников,10-20к,"Просмотр сериалов / кино / YouTube, Музыка (игра на инструменте, пение,  прослушивание музыки), Общение с друзьями","Telegram, VK, YouTube",7,"Тамбо Масаев, Кузьма, Юлик, Рамузыка",Да,"СБЕР, Центр-инвест",СБЕР,"Удобный интерфейс, Друзья и семья также пользуются этим банком, Просто привык(ла)",Нет,,,5,3,5,5,2,4,3,Ничего не раздражает,"Нет, спасибо"
16.07.2025 20:45:38,17-18 лет,Женский,Совмещаю учебу с работой,Подработка/фриланс,10-20к,"Просмотр сериалов / кино / YouTube, Музыка (игра на инструменте, пение,  прослушивание музыки), Общение с друзьями","Telegram, TikTok, YouTube",5,"exile, масленников",Да,"СБЕР, Т-банк, Альфа банк, Яндекс банк, Газпромбанк, ВТБ",Т-банк,"Удобный интерфейс, Друзья и семья также пользуются этим банком, У банка классные акции и кэшбек",Да,"Привлек кэшбек, системы лояльности, бонусы","Да, но довольно редко",5,3,5,5,4,4,3,"Неудобное использование и перегруженное приложение, Медленная работа, глюки, Плохая служба поддержки (роботы, долгое ожидание)","Нет, спасибо"
16.07.2025 20:47:43,21-22 года,Женский,Учусь в университете,Доход от родителей/родственников,20-50к,"Просмотр сериалов / кино / YouTube, Музыка (игра на инструменте, пение,  прослушивание музыки), Общение с друзьями","Telegram, VK, WhatsApp",4,,Да,"СБЕР, ВТБ",СБЕР,"Удобный интерфейс, Друзья и семья также пользуются этим банком, Удобная экосистема банка",Да,"Обязали на учебе / работе (стипендиальная, зарплатная карта)","Да, часто для определенных покупок и операций",5,3,4,4,4,4,3,"Навязчивая реклама и уведомления, Медленная работа, глюки","Нет, спасибо"
16.07.2025 20:56:02,21-22 года,Женский,Совмещаю учебу с работой,Подработка/фриланс,10-20к,"Творчество, Общение с друзьями","Telegram, TikTok, YouTube",8,,Да,"СБЕР, Т-банк, Альфа банк, ВТБ, озонбанк",озонбанк,"Удобный интерфейс, Просто привык(ла), У банка классные акции и кэшбек",Да,Привлекли выгодные тарифы по кредитам и вкладам,"Да, часто для определенных покупок и операций",5,5,5,5,5,5,1,"Навязчивая реклама и уведомления, Медленная работа, глюки, Плохая служба поддержки (роботы, долгое ожидание)",
16.07.2025 21:22:48,17-18 лет,Женский,Совмещаю учебу с работой,Подработка/фриланс,50-80к,"Короткие видео (TikTok, Instagram Reels, YouTube Shorts), Спорт и фитнес, Общение с друзьями","Telegram, Instagram, TikTok",4,,Да,"СБЕР, Т-банк, Альфа банк",Т-банк,"Просто привык(ла), У банка классные акции и кэшбек, Выгодные тарифы и обслуживание",Да,"Обязали на учебе / работе (стипендиальная, зарплатная карта)",Очень редко,4,1,5,5,5,5,3,"Навязчивая реклама и уведомления, Плохая служба поддержки (роботы, долгое ожидание)","Нет, спасибо"
16.07.2025 21:30:09,более 22 лет,,,,,,,,,,,,,,,,,,,,,,,,
16.07.2025 21:53:14,16-17 лет,Женский,Учусь в школе,Доход от родителей/родственников,10-20к,"Просмотр сериалов / кино / YouTube, Короткие видео (TikTok, Instagram Reels, YouTube Shorts), Общение с друзьями","Telegram, Instagram, TikTok",6,,Да,Т-банк,Т-банк,Просто привык(ла),Нет,,,5,5,5,5,5,5,5,"Неудобное использование и перегруженное приложение, Медленная работа, глюки, Плохая служба поддержки (роботы, долгое ожидание)","Нет, спасибо"
16.07.2025 21:53:44,14-15 лет,Мужской,Учусь в школе,Доход от родителей/родственников,120к+,"Короткие видео (TikTok, Instagram Reels, YouTube Shorts), Творчество, Общение с друзьями","Telegram, TikTok, YouTube",7,,Да,"СБЕР, Т-банк",Т-банк,"Удобный интерфейс, Друзья и семья также пользуются этим банком",Нет,,,4,2,5,5,4,4,5,"Навязчивая реклама и уведомления, Неудобное использование и перегруженное приложение, Плохая служба поддержки (роботы, долгое ожидание)","Нет, спасибо"
16.07.2025 21:55:08,14-15 лет,Женский,Учусь в школе,Доход от родителей/родственников,5-10к,"Музыка (игра на инструменте, пение,  прослушивание музыки), Спорт и фитнес, Творчество","Telegram, VK, Instagram",3,,Да,СБЕР,СБЕР,Просто привык(ла),Нет,,,4,2,5,4,3,3,3,"Медленная работа, глюки, Плохая служба поддержки (роботы, долгое ожидание), Отсутствие интересных фишек, скука","Нет, спасибо"
16.07.2025 21:59:59,14-15 лет,Женский,Учусь в школе,Доход от родителей/родственников,1-5к,"Короткие видео (TikTok, Instagram Reels, YouTube Shorts), Творчество, Общение с друзьями","Telegram, VK, TikTok",9,Мария Руткис,Да,ВТБ,ВТБ банк,"Друзья и семья также пользуются этим банком, У банка классные акции и кэшбек",Нет,,,5,5,5,3,4,4,3,"Навязчивая реклама и уведомления, Медленная работа, глюки, Плохая служба поддержки (роботы, долгое ожидание)","Нет, спасибо"
16.07.2025 22:00:25,21-22 года,Женский,Учусь в университете,Доход от родителей/родственников,20-50к,"Видеоигры, Просмотр сериалов / кино / YouTube, Короткие видео (TikTok, Instagram Reels, YouTube Shorts)","Telegram, VK, YouTube",7,,Да,"СБЕР, Т-банк, Альфа банк, Яндекс банк, ВТБ",Т-банк,"Удобный интерфейс, У банка классные акции и кэшбек",Да,"Привлек кэшбек, системы лояльности, бонусы","Да, постоянно",5,3,4,5,4,5,2,"Навязчивая реклама и уведомления, Неудобное использование и перегруженное приложение, Медленная работа, глюки","Нет, спасибо"
16.07.2025 22:02:00,16-17 лет,Женский,Учусь в школе,Доход от родителей/родственников,10-20к,"Короткие видео (TikTok, Instagram Reels, YouTube Shorts), Творчество, Общение с друзьями","Telegram, TikTok, YouTube",6,"Брайн мапс, Анастасиз, Лиза Барашик",Да,СБЕР,СБЕР,"Удобный интерфейс, Друзья и семья также пользуются этим банком, У банка классные акции и кэшбек",Нет,,,5,5,5,5,5,5,5,"Навязчивая реклама и уведомления, Неудобное использование и перегруженное приложение, Медленная работа, глюки","Нет, спасибо"
16.07.2025 22:03:58,16-17 лет,Женский,Учусь в школе,Доход от родителей/родственников,5-10к,"Просмотр сериалов / кино / YouTube, Короткие видео (TikTok, Instagram Reels, YouTube Shorts), Чтение","Telegram, Instagram, TikTok",6,,Да,Т-банк,Т-банк,Друзья и семья также пользуются этим банком,Нет,,,5,3,5,5,5,4,4,"Навязчивая реклама и уведомления, Неудобное использование и перегруженное приложение, Медленная работа, глюки","Нет, спасибо"
16.07.2025 22:04:19,14-15 лет,Женский,Учусь в школе,Доход от родителей/родственников,1-5к,"Творчество, Чтение, Самообразование, курсы","Telegram, VK, YouTube",3,,Да,Т-банк,Т-банк,"Удобный интерфейс, Друзья и семья также пользуются этим банком, Просто привык(ла), Удобная экосистема банка",Нет,,,5,1,5,1,4,3,2,"Навязчивая реклама и уведомления, Медленная работа, глюки, Плохая служба поддержки (роботы, долгое ожидание)","Нет, спасибо"
16.07.2025 22:55:40,21-22 года,Женский,Совмещаю учебу с работой,Подработка/фриланс,20-50к,"Просмотр сериалов / кино / YouTube, Короткие видео (TikTok, Instagram Reels, YouTube Shorts), Самообразование, курсы","Telegram, Instagram, YouTube",7,"Настя Пикси
Лера Полегенская
Мари Новосад",Да,"СБЕР, Т-банк, Альфа банк, Газпромбанк, ВТБ",Т-банк,"Удобный интерфейс, Просто привык(ла), У банка классные акции и кэшбек, Удобная экосистема банка, Выгодные тарифы и обслуживание",Да,"Обязали на учебе / работе (стипендиальная, зарплатная карта)",Не пользуюсь,5,1,4,4,5,5,3,"Навязчивая реклама и уведомления, Неудобное использование и перегруженное приложение, Медленная работа, глюки","Нет, спасибо"
16.07.2025 23:02:33,14-15 лет,Женский,Учусь в школе,Доход от родителей/родственников,1-5к,"Музыка (игра на инструменте, пение,  прослушивание музыки), Спорт и фитнес, Общение с друзьями","Telegram, VK, YouTube",4,rossa makes; kate davidsun; алеся панч ,Да,Т-банк,Т-банк,"Удобный интерфейс, Друзья и семья также пользуются этим банком, Просто привык(ла), У банка классные акции и кэшбек",Нет,,,4,2,5,4,4,3,4,"Навязчивая реклама и уведомления, Медленная работа, глюки, Плохая служба поддержки (роботы, долгое ожидание)","Нет, спасибо"
16.07.2025 23:08:36,14-15 лет,Женский,Учусь в школе,Подработка/фриланс,5-10к,"Просмотр сериалов / кино / YouTube, Чтение, Общение с друзьями","Telegram, TikTok, YouTube",7,,Да,Альфа банк,Альфа банк,У банка классные акции и кэшбек,Нет,,,5,3,5,2,5,4,2,Ничего не раздражает,"Нет, спасибо"
16.07.2025 23:34:56,19-20 лет,Женский,Учусь в университете,Доход от родителей/родственников,20-50к,,"Telegram, Instagram, TikTok",8,,Да,СБЕР,СБЕР,Удобный интерфейс,Нет,,,3,3,5,5,5,5,5,"Навязчивая реклама и уведомления, Неудобное использование и перегруженное приложение, Медленная работа, глюки","Нет, спасибо"
16.07.2025 23:46:30,21-22 года,Женский,Совмещаю учебу с работой,Постоянная работа,80-120к,"Просмотр сериалов / кино / YouTube, Спорт и фитнес, Чтение","Telegram, VK, TikTok",7,"Gothamchess, Хикару Накамура (в основном, шахматы смотрю...)",Да,"Т-банк, Альфа банк, ВТБ, Озон банк, ВБ банк, Экспобанк",Т-банк,"Удобный интерфейс, Друзья и семья также пользуются этим банком, Зарплатный счет, У банка классные акции и кэшбек, Удобная экосистема банка, Выгодные тарифы и обслуживание",Да,"Обязали на учебе / работе (стипендиальная, зарплатная карта)",Не пользуюсь,5,1,5,5,5,5,4,"Неудобное использование и перегруженное приложение, Плохая служба поддержки (роботы, долгое ожидание)","Нет, спасибо"
16.07.2025 23:46:52,17-18 лет,Мужской,Учусь в университете,Доход от родителей/родственников,10-20к,"Видеоигры, Просмотр сериалов / кино / YouTube, Самообразование, курсы","Telegram, VK, YouTube",6,,Да,"СБЕР, Т-банк, Альфа банк, Озон банк",Т-банк,"Удобный интерфейс, Просто привык(ла), У банка классные акции и кэшбек",Да,"Обязали на учебе / работе (стипендиальная, зарплатная карта)",Очень редко,5,2,4,3,5,3,2,"Навязчивая реклама и уведомления, Неудобное использование и перегруженное приложение, Медленная работа, глюки","Нет, спасибо"
16.07.2025 23:50:50,19-20 лет,Мужской,Учусь в университете,Доход от родителей/родственников,20-50к,"Короткие видео (TikTok, Instagram Reels, YouTube Shorts), Общение с друзьями, Волотнерство, социальная активность","Telegram, Instagram, TikTok",7,,Да,"Т-банк, ВТБ",Т-банк,"Удобный интерфейс, Просто привык(ла), У банка классные акции и кэшбек",Нет,,,5,3,4,5,5,5,4,"Неудобное использование и перегруженное приложение, Плохая служба поддержки (роботы, долгое ожидание)","Нет, спасибо"
17.07.2025 10:04:41,19-20 лет,Мужской,Учусь в университете,Доход от родителей/родственников,10-20к,"Музыка (игра на инструменте, пение,  прослушивание музыки), Самообразование, курсы","Telegram, VK, YouTube",4,,Да,Т-банк,Т-банк,"Удобный интерфейс, Просто привык(ла), У банка классные акции и кэшбек, Выгодные тарифы и обслуживание",Нет,,,4,3,5,5,5,4,2,"Навязчивая реклама и уведомления, Плохая служба поддержки (роботы, долгое ожидание)","Нет, спасибо"
17.07.2025 10:26:23,21-22 года,Женский,Учусь в университете,Никита,50-80к,"Музыка (игра на инструменте, пение,  прослушивание музыки), Творчество, Самообразование, курсы","Telegram, YouTube",6,,Да,"Т-банк, ВТБ",Т-банк,"Удобный интерфейс, Просто привык(ла), У банка классные акции и кэшбек, Удобная экосистема банка, Выгодные тарифы и обслуживание",Нет,,,5,1,5,5,5,3,5,"Навязчивая реклама и уведомления, Неудобное использование и перегруженное приложение, Медленная работа, глюки","Нет, спасибо"
17.07.2025 10:39:02,21-22 года,Женский,Совмещаю учебу с работой,Доход от родителей/родственников,80-120к,"Видеоигры, Спорт и фитнес, Чтение","Telegram, Instagram, WhatsApp",4,"Шастун, Зуев, Вася Фауст",Да,"Т-банк, ВТБ",Т-банк,"Удобный интерфейс, У банка классные акции и кэшбек, Удобная экосистема банка, Выгодные тарифы и обслуживание",Да,"Обязали на учебе / работе (стипендиальная, зарплатная карта)",Очень редко,3,1,4,5,2,3,3,Ничего не раздражает,"Нет, спасибо"
17.07.2025 10:41:16,19-20 лет,Женский,Учусь в университете,Доход от родителей/родственников,10-20к,"Просмотр сериалов / кино / YouTube, Короткие видео (TikTok, Instagram Reels, YouTube Shorts), Общение с друзьями","Telegram, VK, Instagram",8,Как таковых нет,Да,"СБЕР, Т-банк",Т-банк,"Удобный интерфейс, У банка классные акции и кэшбек, Удобная экосистема банка",Да,"Обязали на учебе / работе (стипендиальная, зарплатная карта)",Очень редко,4,1,4,5,4,5,4,"Навязчивая реклама и уведомления, Неудобное использование и перегруженное приложение, Медленная работа, глюки","Нет, спасибо"
17.07.2025 14:00:45,19-20 лет,Женский,Учусь в университете,Доход от родителей/родственников,1-5к,,YouTube,6,,Да,"СБЕР, револют",СБЕР,"Удобный интерфейс, Друзья и семья также пользуются этим банком, Просто привык(ла)",Да,учеба в другой стране,"Да, но довольно редко",4,4,5,5,5,5,4,"Медленная работа, глюки, Плохая служба поддержки (роботы, долгое ожидание)","Нет, спасибо"
17.07.2025 14:56:52,17-18 лет,Женский,Учусь в университете,Доход от родителей/родственников,1-5к,"Просмотр сериалов / кино / YouTube, Музыка (игра на инструменте, пение,  прослушивание музыки), Короткие видео (TikTok, Instagram Reels, YouTube Shorts)","Telegram, TikTok, YouTube",7,,Да,"СБЕР, Т-банк",Т-банк,"Удобный интерфейс, У банка классные акции и кэшбек, Удобная экосистема банка",Нет,,,5,4,4,5,5,3,4,"Навязчивая реклама и уведомления, Медленная работа, глюки, Плохая служба поддержки (роботы, долгое ожидание)","Нет, спасибо"
17.07.2025 14:59:41,19-20 лет,Мужской,Учусь в университете,Доход от родителей/родственников,20-50к,"Видеоигры, Просмотр сериалов / кино / YouTube, Общение с друзьями","Telegram, YouTube, Twitch",10,"Nix, recrent, t2x2",Да,"Т-банк, Альфа банк, ВТБ",ВТБ банк,У банка классные акции и кэшбек,Да,500 р за оформление,Не пользуюсь,5,2,3,5,5,5,2,"Неудобное использование и перегруженное приложение, Медленная работа, глюки, Плохая служба поддержки (роботы, долгое ожидание)","Нет, спасибо"
17.07.2025 15:02:23,19-20 лет,Женский,Совмещаю учебу с работой,Доход от родителей/родственников,20-50к,"Просмотр сериалов / кино / YouTube, Спорт и фитнес, Чтение","Telegram, VK, YouTube",5,,Да,"СБЕР, ВТБ, новиком банк",СБЕР,"Друзья и семья также пользуются этим банком, Просто привык(ла)",Да,"Обязали на учебе / работе (стипендиальная, зарплатная карта)","Да, но довольно редко",4,2,5,4,5,3,1,"Навязчивая реклама и уведомления, Медленная работа, глюки","Нет, спасибо"
17.07.2025 18:04:50,19-20 лет,Женский,Учусь в университете,Доход от родителей/родственников,20-50к,"Видеоигры, Просмотр сериалов / кино / YouTube, Творчество","Telegram, YouTube, Discord",10,,Да,"СБЕР, Т-банк",СБЕР,Просто привык(ла),Да,"Привлек кэшбек, системы лояльности, бонусы",Не пользуюсь,4,2,4,1,4,1,1,"Навязчивая реклама и уведомления, Неудобное использование и перегруженное приложение, Медленная работа, глюки","Нет, спасибо"
17.07.2025 19:19:16,17-18 лет,Женский,Совмещаю учебу с работой,Стипендия,10-20к,"Просмотр сериалов / кино / YouTube, Спорт и фитнес, Общение с друзьями","Telegram, VK, TikTok",4,софа савченко ,Да,"СБЕР, Т-банк, акбарс банк ",Т-банк,"Просто привык(ла), У банка классные акции и кэшбек",Нет,,,4,1,3,1,4,5,2,"Навязчивая реклама и уведомления, Неудобное использование и перегруженное приложение","Нет, спасибо"
17.07.2025 19:25:34,21-22 года,Женский,Совмещаю учебу с работой,Доход от родителей/родственников,10-20к,"Просмотр сериалов / кино / YouTube, Короткие видео (TikTok, Instagram Reels, YouTube Shorts), Общение с друзьями","Telegram, Instagram, YouTube",6,-,Да,"СБЕР, Т-банк, Альфа банк, Яндекс банк, ВТБ",Т-банк,"Удобный интерфейс, Просто привык(ла), У банка классные акции и кэшбек, Выгодные тарифы и обслуживание",Да,"Привлек кэшбек, системы лояльности, бонусы","Да, но довольно редко",5,3,5,5,5,5,4,"Навязчивая реклама и уведомления, Неудобное использование и перегруженное приложение, Медленная работа, глюки","Нет, спасибо"
17.07.2025 19:26:23,17-18 лет,Мужской,Учусь в университете,Доход от родителей/родственников,10-20к,"Видеоигры, Просмотр сериалов / кино / YouTube, Короткие видео (TikTok, Instagram Reels, YouTube Shorts)","Telegram, YouTube, Discord",5,,Да,СБЕР,СБЕР,Просто привык(ла),Нет,,,4,3,5,4,4,4,5,Ничего не раздражает,"Нет, спасибо"
17.07.2025 23:36:17,19-20 лет,Мужской,Учусь в университете,Доход от родителей/родственников,20-50к,"Просмотр сериалов / кино / YouTube, Короткие видео (TikTok, Instagram Reels, YouTube Shorts), Чтение","Telegram, Instagram, YouTube",4,,Да,"СБЕР, ВТБ",ВТБ банк,"Друзья и семья также пользуются этим банком, У банка классные акции и кэшбек",Да,"Привлек кэшбек, системы лояльности, бонусы","Да, постоянно",4,2,5,5,4,5,3,"Неудобное использование и перегруженное приложение, Медленная работа, глюки","Нет, спасибо"
17.07.2025 23:47:27,19-20 лет,Женский,Учусь в университете,Пенсионные выплаты,10-20к,"Просмотр сериалов / кино / YouTube, Короткие видео (TikTok, Instagram Reels, YouTube Shorts), Чтение","Telegram, TikTok, YouTube",5,"Сложно сказать, чаще смотрю именно видео, а не блогеров конкретных ",Да,Альфа банк,Альфа банк,"У банка классные акции и кэшбек, Выгодные тарифы и обслуживание",Нет,,,1,3,5,5,4,4,3,"Навязчивая реклама и уведомления, Медленная работа, глюки, Плохая служба поддержки (роботы, долгое ожидание)","Нет, спасибо"
18.07.2025 0:00:59,до 14 лет,Женский,Учусь в школе,Доход от родителей/родственников,1-5к,"Видеоигры, Просмотр сериалов / кино / YouTube, Спорт и фитнес","Telegram, TikTok, YouTube",6,"Эксайл, Братишкин,Зубарев",Да,СБЕР,СБЕР,Друзья и семья также пользуются этим банком,Нет,,,3,4,5,5,4,3,3,"Навязчивая реклама и уведомления, Отсутствие интересных фишек, скука","Нет, спасибо"
18.07.2025 1:42:29,17-18 лет,Женский,Учусь в университете,Доход от родителей/родственников,20-50к,"Просмотр сериалов / кино / YouTube, Творчество, Общение с друзьями","Telegram, VK, Pinterest",6,"Александра Поснова, Алина Солопова, Виктория Селина, Ирина Скугарь",Да,"СБЕР, Т-банк, Точка банк",Т-банк,"Удобный интерфейс, Друзья и семья также пользуются этим банком, У банка классные акции и кэшбек, Удобная экосистема банка, Выгодные тарифы и обслуживание, Нравится эстетика, герб (тинькоффа, не т-банка) ",Нет,,,5,3,5,5,5,5,4,Навязчивая реклама и уведомления,"Нет, спасибо"
18.07.2025 3:12:41,более 22 лет,,,,,,,,,,,,,,,,,,,,,,,,
18.07.2025 13:20:10,19-20 лет,Женский,Учусь в университете,Подработка/фриланс,50-80к,"Просмотр сериалов / кино / YouTube, Чтение, Общение с друзьями","Telegram, Instagram, YouTube",3,"Александра Орлова, @pivbaldezh, Donets",Да,"СБЕР, Т-банк",СБЕР,"Друзья и семья также пользуются этим банком, Просто привык(ла), Зарплатный счет",Да,запасной счёт,Очень редко,5,2,5,5,5,5,2,"Медленная работа, глюки, Отсутствие интересных фишек, скука","Нет, спасибо"
18.07.2025 13:31:20,до 14 лет,Женский,Учусь в школе,Доход от родителей/родственников,1-5к,"Музыка (игра на инструменте, пение,  прослушивание музыки), Короткие видео (TikTok, Instagram Reels, YouTube Shorts), Общение с друзьями","Telegram, TikTok, YouTube",3,"Брайн Масс
Анастасия
Компот
",Да,Альфа банк,Альфа банк,Друзья и семья также пользуются этим банком,Нет,,,5,3,4,4,5,3,3,Ничего не раздражает,"Нет, спасибо"
19.07.2025 13:24:02,более 22 лет,,,,,,,,,,,,,,,,,,,,,,,,